word,number neighbors,label words
change,80,changes[MORPHO] changing[MORPHO] changed[MORPHO] alter[SYN] shift[SYN] Changing[MORPHO] Change[MORPHO] seismic_shift Changes[MORPHO] altering[COHYPO]
month,62,week[PARTOF] year[COHYPO] months[MORPHO] weeks[PARTOF] August[HYPO] February[HYPO] October[HYPO] January[HYPO] day[COHYPO] September[HYPO]
road,500,highway[HYPO] roads[MORPHO] raod roadway[HYPO] expressway[HYPO] highways[HYPO] motorway[HYPO] gravel_roads roadways[HYPO] freeway[HYPO]
take,36,taking[MORPHO] took[MORPHO] takes[MORPHO] taken[MORPHO] Taking[MORPHO] give[ANTO] Take[MORPHO] totake go[COHYPO] hold[SYN]
make,30,making[MORPHO] made[MORPHO] makes[MORPHO] Making[MORPHO] Make[MORPHO] tomake get[SYN] give[SYN] makea Makes[MORPHO]
get,291,getting[MORPHO] got[MORPHO] gets[MORPHO] gotten[MORPHO] Getting[MORPHO] go[SYN] come[SYN] give[COHYPO] bring[SYN] toget
enjoy,261,enjoying[MORPHO] enjoyed[MORPHO] Enjoy[MORPHO] savor[SYN] revel[SYN] Enjoying[MORPHO] appreciate enjoys[MORPHO] bask[SYN] dine_alfresco
start,26,begin[SYN] started[MORPHO] starting[MORPHO] starts[MORPHO] beginning[SYN] Start[MORPHO] finish[ANTO] began commence[SYN] resume[COHYPO]
name,113,names[MORPHO] surname[HYPO] moniker[HYPO] Trajche_Shoposki monikers[HYPO] nickname[HYPO] forename[HYPO] pseudonym[HYPO] monicker Name[MORPHO]
buy,94,sell[ANTO] purchase[SYN] buying[MORPHO] bought[MORPHO] buys[MORPHO] Buy[MORPHO] tobuy purchased Buying[MORPHO] acquire
show,93,shows[MORPHO] showing[MORPHO] Show[MORPHO] showed[MORPHO] shown[MORPHO] demonstrate[SYN] Shows[MORPHO] THE_SINGING_BEE PBS_Soundstage Jimmy_Kimmell
cut,62,cutting[MORPHO] slash[SYN] slashed[SYN] trimmed[SYN] Cut[MORPHO] trimming[COHYPO] trim[SYN] slashing cuts[MORPHO] lop
give,61,giving[MORPHO] gave[MORPHO] Give[MORPHO] gives[MORPHO] provide given[MORPHO] Giving[MORPHO] take[ANTO] get[COHYPO] togive
dog,500,dogs[MORPHO] puppy[HYPO] pit_bull pooch[HYPO] cat[COHYPO] golden_retriever[HYPO] German_shepherd[HYPO] Rottweiler[HYPO] beagle[HYPO] pup[COHYPO]
keep,46,kept[MORPHO] keeping[MORPHO] keeps[MORPHO] stay[COHYPO] Keeping[MORPHO] Keep[MORPHO] maintain[SYN] Kept[MORPHO] remain tokeep
stop,34,stopped[MORPHO] stopping[MORPHO] stops[MORPHO] Stop[MORPHO] halt[SYN] prevent Stopping[MORPHO] cease[SYN] dissuade deter
area,184,areas[MORPHO] outlying_areas region[SYN] vicinity[HYPO] neighborhoods[HYPO] neighborhood[HYPO] Area[MORPHO] metropolitan[COHYPO] mile_radius vicinities[HYPO]
break,15,breaks[MORPHO] breaking[MORPHO] broke[MORPHO] broken[MORPHO] Break[MORPHO] Breaking[MORPHO] breather[COHYPO] shatter crack[SYN] breaker[COHYPO]
close,12,closed[MORPHO] closing[MORPHO] closest[MORPHO] closer[MORPHO] toclose Close[MORPHO] open[ANTO] closes[MORPHO] between nearer
go,118,come[ANTO] goes[MORPHO] gone[MORPHO] going[MORPHO] get[SYN] went[MORPHO] do[COHYPO] sit stay[COHYPO] Going[MORPHO]
stand,10,stands[MORPHO] stood[MORPHO] standing[MORPHO] sit[ANTO] Stand[MORPHO] annie##_leave_lindsay lie[COHYPO] Stood[MORPHO] leave_swami_Nithyananda Standing[MORPHO]
sit,93,sitting[MORPHO] sat[MORPHO] Sit[MORPHO] plop Sitting[MORPHO] sits[MORPHO] flying_Thermos_bottle go stand[ANTO] stare
bring,78,bringing[MORPHO] brought[MORPHO] Bringing[MORPHO] come brings[MORPHO] add[SYN] get[SYN] put create brining
lose,66,losing[MORPHO] lost[MORPHO] loses[MORPHO] loosing Losing[MORPHO] squander regain looses Lose[MORPHO] suffer[SYN]
speak,65,speaking[MORPHO] spoke[MORPHO] speaks[MORPHO] spoken[MORPHO] talk[SYN] converse speak_candidly discuss testify Speak[MORPHO]
plan,63,plans[MORPHO] proposal[COHYPO] Plan[MORPHO] blueprint[HYPO] strategy[HYPO] proposals[COHYPO] planned[MORPHO] proposed planning[MORPHO] plan.The
hang,59,hanging[MORPHO] hung[MORPHO] hangs[MORPHO] Hanging[MORPHO] pull[COHYPO] hangin Hang[MORPHO] put[COHYPO] cling[SYN] knock[COHYPO]
catch,59,catching[MORPHO] caught[MORPHO] catches[MORPHO] Catching[MORPHO] nab Catch[MORPHO] snare[COHYPO] catchable grab[SYN] Poor_Linds
use,58,using[MORPHO] utilize[SYN] used[MORPHO] uses[COHYPO] Use[MORPHO] usage[SYN] Using[MORPHO] Utilize utilizing utilized
person,58,someone[SYN] persons[MORPHO] woman[HYPO] somebody[SYN] peson man[HYPO] people[COHYPO] anyone guy[HYPO] Someone[COHYPO]
begin,58,begins[MORPHO] commence[SYN] start[SYN] commences began[MORPHO] begun[MORPHO] resume beginning[MORPHO] recommence started
help,53,helping[MORPHO] helps[MORPHO] Help[MORPHO] tohelp assist[SYN] helped[MORPHO] Helping[MORPHO] enable try[COHYPO] needed
wear,500,wearing[MORPHO] wore[MORPHO] don[SYN] wears[MORPHO] worn[MORPHO] dress[COHYPO] Wearing[MORPHO] wear_pantyhose knit_beanies donning
song,500,songs[MORPHO] lyrics[PARTOF] lyric[PARTOF] ballad[HYPO] anthem[HYPO] tunes[COHYPO] album[COHYPO] ditty[HYPO] melody[COHYPO] haunting_ballad
friend,500,pal[HYPO] friends[MORPHO] buddy[HYPO] dear_friend acquaintance[SYN] cousin[COHYPO] girlfriend[HYPO] colleague[COHYPO] uncle[COHYPO] roommate[HYPO]
baby,500,newborn[HYPO] babies[MORPHO] infant[SYN] newborn_baby[HYPO] toddler[COHYPO] Asome_news child[SYN] triplets[COHYPO] Baby[MORPHO] Rebecca_Bresnik_meanwhile
rain,500,heavy_rain downpour[HYPO] rains[MORPHO] torrential_rain Rain[MORPHO] downpours[HYPO] rain_showers[HYPO] wet_weather rainfall[SYN] heavy_rains
fight,500,fighting[MORPHO] fights[MORPHO] battle[SYN] fought[MORPHO] Fight[MORPHO] fi_ght battles[COHYPO] Fighting[MORPHO] bout[COHYPO] fighing
drink,500,drinks[MORPHO] drinking[MORPHO] alcoholic_drink[COHYPO] alcoholic_drinks[COHYPO] Drink[MORPHO] drank[MORPHO] Drinking[MORPHO] beer[COHYPO] kool_aide drunk[MORPHO]
hate,500,despise Hate[MORPHO] detest[SYN] hatred[SYN] hating hates[MORPHO] HATE[MORPHO] dislike[COHYPO] love[ANTO] hated
computer,500,computers[MORPHO] laptop[HYPO] laptop_computer[HYPO] Computer[MORPHO] com_puter technician_Leonard_Luchko mainframes_minicomputers laptop_computers[HYPO] PC[HYPO] maker_Dell_DELL.O
laugh,500,chuckle[HYPO] laughing[MORPHO] giggle[HYPO] laughs[MORPHO] laughed[MORPHO] chuckling hearty_laugh chuckles[HYPO] joking funny[COHYPO]
fall,48,falling[MORPHO] falls[MORPHO] drop[SYN] tumble[SYN] rise[ANTO] plummet[COHYPO] fell[COHYPO] spring[COHYPO] Fall[MORPHO] sag[COHYPO]
spend,47,spent[MORPHO] spends[MORPHO] Spend[MORPHO] devote spending[MORPHO] expend[SYN] devoting splurge invest Spending[MORPHO]
street,454,streets[MORPHO] sidewalk[COHYPO] boulevard[HYPO] alley[HYPO] sidewalks[COHYPO] neighborhood[COHYPO] Streets[MORPHO] alleyway[HYPO] Street[MORPHO] pavement[COHYPO]
look,45,looks[MORPHO] looking[MORPHO] Look[MORPHO] looked[MORPHO] see[SYN] Looking[MORPHO] glance[COHYPO] peek[COHYPO] consider gander[COHYPO]
hard,43,harder[MORPHO] Hard[MORPHO] tough[SYN] difficult[SYN] hardest[MORPHO] frustrating easy[ANTO] good really virtually_impossible
idea,42,concept[HYPO] notion[HYPO] suggestion[HYPO] ideas[MORPHO] theory[COHYPO] thought[SYN] notions[HYPO] proposition[COHYPO] proposal[COHYPO] thing[COHYPO]
list,34,lists[MORPHO] List[MORPHO] Lists[MORPHO] wishlist blacklist[HYPO] watchlist alphabetical_listing listof listing[MORPHO] listed[MORPHO]
stay,33,staying[MORPHO] stayed[MORPHO] stays[MORPHO] keep[COHYPO] remain[SYN] Staying[MORPHO] Stay[MORPHO] leave[COHYPO] go[COHYPO] keeping[COHYPO]
test,323,tests[MORPHO] testing[MORPHO] tested[MORPHO] Testing[MORPHO] testings[MORPHO] Chlamydia_Rapid extramarital_affairs_flunk exam[SYN] pretests pretest
move,31,moves[MORPHO] moving[MORPHO] push[COHYPO] moved[MORPHO] step[HYPO] Moving[MORPHO] relocate go[SYN] switch[COHYPO] leap[COHYPO]
meet,29,meets[MORPHO] met[MORPHO] tomeet fulfill[SYN] satisfy[SYN] meeting[MORPHO] Meet[MORPHO] s_spinoff_Freescale discuss[COHYPO] meetthe
drive,29,drives[MORPHO] driving[MORPHO] drove[MORPHO] push[SYN] run[COHYPO] Seagate_SV##_Series driven[MORPHO] drives_SEDs Drives[MORPHO] ##GB_JetFlash_V##
listen,270,listening[MORPHO] listened[MORPHO] visit_www.timewarner.com_investors hear[SYN] Listen[MORPHO] subscribe_visit_http://www.bestdayaudio.com MIPS_Technologies_invites AOL_Keyword_IR listens[MORPHO] Listening[MORPHO]
wrong,265,dreadfully_wrong correct[ANTO] horribly_wrong Wrong[MORPHO] incorrect[SYN] right[ANTO] stupid[COHYPO] amiss[SYN] WRONG[MORPHO] disastrously_wrong
return,23,returning[MORPHO] returns[MORPHO] returned[MORPHO] rejoin[SYN] Return[MORPHO] leave[COHYPO] depart Returning[MORPHO] reclaim retun
cool,218,Cool[MORPHO] cooler[MORPHO] coolest[MORPHO] coolness[COHYPO] toasty warm[ANTO] hi_dev_ur hot cooled[MORPHO] cools[MORPHO]
hand,20,hands[MORPHO] Hand[MORPHO] finger[PARTOF] fingers[PARTOF] Hands[MORPHO] palm[PARTOF] arm[COHYPO] thumb[COHYPO] fingertips[COHYPO] ear[COHYPO]
pay,190,paying[MORPHO] paid[MORPHO] pays[MORPHO] topay reimburse Paying[MORPHO] payed[MORPHO] payment[COHYPO] repay Pay[MORPHO]
sign,19,signs[MORPHO] Signs[MORPHO] burlingtonfreepress.com_newsletters signing[MORPHO] visit_www.sheboyganpress.com_textalerts signed[MORPHO] Sign[MORPHO] At_www.QualityStocks.Net Visit_http://www.otcpicks.com/hotpicks.htm_today Signing[MORPHO]
word,168,phrase[SYN] words[MORPHO] verb[COHYPO] Word[MORPHO] adjective[HYPO] cuss_word colloquialism[COHYPO] noun[HYPO] astrology_#/##/## synonym[HYPO]
answer,164,answers[MORPHO] answered[MORPHO] answering[MORPHO] question[ANTO] anwer Answering[MORPHO] Biscardi_fielded please_call_#.###.WARRANTY Answer[MORPHO] questions[COHYPO]
face,15,faces[MORPHO] faced[MORPHO] facing[MORPHO] Facing[MORPHO] confront[SYN] Face[MORPHO] confronting Mother_Nature_Gino_Izzi Rutter_wrenched pose[COHYPO]
fear,127,fearful fears[MORPHO] Fear[MORPHO] fearing[MORPHO] worry[COHYPO] dread[HYPO] feared[MORPHO] anxiety[COHYPO] apprehension[HYPO] afraid
cry,122,crying[MORPHO] cries[MORPHO] weep[SYN] scream[HYPO] bawling[COHYPO] sob[COHYPO] cried[MORPHO] sisters_nieces_nephews bawl yell[SYN]
set,12,setting[MORPHO] sets[MORPHO] Setting[MORPHO] Set[MORPHO] broke Sets[MORPHO] Jilted_firefighter_set breaking[COHYPO] pushed put[SYN]
walk,112,walking[MORPHO] walks[MORPHO] walked[MORPHO] stroll[COHYPO] Walking[MORPHO] Walk[MORPHO] wander jog[COHYPO] saunter[HYPO] amble[COHYPO]
write,97,writing[MORPHO] read Write[MORPHO] written[MORPHO] handwrite publish[SYN] reread scribble Geno_Excellent compose[SYN]
expect,89,expecting[MORPHO] anticipate[SYN] Expect[MORPHO] foresee want expected[MORPHO] expects[MORPHO] intend predicted[COHYPO] anticipating[COHYPO]
find,78,discover[SYN] finding[MORPHO] Finding[MORPHO] found[MORPHO] tofind fi_nd locate uncover see[SYN] stumble_upon
watch,74,watching[MORPHO] watched[MORPHO] Watching[MORPHO] watches[MORPHO] see[SYN] watchin I'ma_Trekkie Today_GoldmanResearchGroup.com_announces TiVo'd glued
strong,68,solid[SYN] stong robust stronger[MORPHO] weak[ANTO] Strong[MORPHO] strongest[MORPHO] good strength astrong
cause,67,causes[MORPHO] caused[MORPHO] causing[MORPHO] contributing_factor Cause[MORPHO] casued Causing[MORPHO] casue culprit[COHYPO] contributory_factor
quickly,66,swiftly easily rapidly[SYN] soon promptly[SYN] Quickly[MORPHO] speedily[SYN] slowly[ANTO] eventually instantly
completely,60,totally[SYN] entirely[SYN] Completely[MORPHO] utterly wholly[SYN] completly Totally altogether[SYN] essentially basically
continue,60,continues[MORPHO] continued[MORPHO] continuing[MORPHO] contine tocontinue remain[SYN] Continue[MORPHO] intensify con_tinue persist
pick,57,picks[MORPHO] picking[MORPHO] picked[MORPHO] Pick[MORPHO] Picking[MORPHO] draft_pick firstround_draft Sebastian_Telfair_Theo_Ratliff select draft[COHYPO]
deep,57,deeper[MORPHO] deepest[MORPHO] depths[COHYPO] shallow[ANTO] gravelly_voice_fills Deep[MORPHO] depth[COHYPO] deepening[COHYPO] Deeper[MORPHO] water_newbuilding_drillships
check,57,checking[MORPHO] checks[MORPHO] checked[MORPHO] Checking[MORPHO] recheck doublecheck Check[MORPHO] VGGEN_often Charge_Issuing_worthless ABCActionNews.com
come,54,coming[MORPHO] go[ANTO] bring came[MORPHO] get[SYN] brought gone happen put[COHYPO] comes[MORPHO]
save,53,saved[MORPHO] saving[MORPHO] saves[MORPHO] saver[COHYPO] Saving[MORPHO] conserve[COHYPO] preserve[SYN] owl_kingdoms Reading_Euromoney avert
die,52,perish[SYN] dying[MORPHO] dies[COHYPO] die_prematurely oil_Cvitanovich died[MORPHO] kill[COHYPO] Die[MORPHO] dieing[MORPHO] starve
car,500,vehicle[COHYPO] cars[MORPHO] SUV[HYPO] minivan[HYPO] truck[COHYPO] Car[MORPHO] Ford_Focus Honda_Civic Jeep[HYPO] pickup_truck[COHYPO]
walked,500,strode[HYPO] strolled[HYPO] walk[SYN] walking sauntered[HYPO] wandered[COHYPO] ambled[HYPO] jogged walks exited
store,500,stores[MORPHO] Store[MORPHO] shop[SYN] superstore grocery_store[COHYPO] mall[COHYPO] supermarket[COHYPO] retailer[COHYPO] drugstore[HYPO] convenience_store[HYPO]
sex,500,sexual oral_sex[HYPO] sexual_intercourse[HYPO] intercourse[COHYPO] anal_sex[HYPO] sexual_encounters Chastity_Bono_announces prostitution[COHYPO] Sex[MORPHO] masturbation[HYPO]
love,500,loved[MORPHO] adore loves[MORPHO] passion[SYN] hate[ANTO] loving[MORPHO] Ilove affection[COHYPO] undying_love absolutely_adore
let,500,letting[MORPHO] Let[MORPHO] do want lets[MORPHO] E_mail_heyjen@phillynews.com allow[SYN] try dare Letting[MORPHO]
tell,500,know telling[MORPHO] tells[MORPHO] ask Tell[MORPHO] say[SYN] Telling[MORPHO] see remind explain
eat,500,eating[MORPHO] ate[MORPHO] eaten[MORPHO] eats[MORPHO] munch eat_healthfully eat_fatty_foods consume[HYPO] Nutritionists_recommend overeaten
damn,500,darn[SYN] goddamn[SYN] freakin fucking[COHYPO] dang darned[SYN] damned[MORPHO] friggin shit[SYN] dammit
music,500,classical_music[HYPO] jazz[COHYPO] Music[MORPHO] Without_Donny_Kirshner songs[HYPO] musicians[COHYPO] tunes[HYPO] musical[COHYPO] Logue_typed musics[MORPHO]
child,500,children[MORPHO] infant[COHYPO] chid toddler[HYPO] baby[SYN] newborn[COHYPO] chld Child[MORPHO] preschooler[HYPO] child_ren
bus,500,buses[MORPHO] Bus[MORPHO] busses[MORPHO] minibus[HYPO] Buses[MORPHO] schoolbus trolley[COHYPO] van[COHYPO] Greyhound_bus taxi[COHYPO]
ask,500,asking[MORPHO] asked[MORPHO] asks[MORPHO] tell Ask[MORPHO] know questons SCHIEFFER_Let Asking[MORPHO] e_mail_webeditor@sfnewmexican.com
party,500,Party[MORPHO] parties[MORPHO] partys[MORPHO] Democratic_Party[HYPO] LOUDON_NH_Brad_Keselowski caucus[COHYPO] pary faction[COHYPO] mad_hatter_tea Labour_Party[HYPO]
mine,500,Mine[MORPHO] mines[MORPHO] coal_mine[HYPO] mining[MORPHO] miner[COHYPO] coalmine coal_mines[HYPO] Nobody'll_buy miners[COHYPO] coal_mining
remember,454,forget[ANTO] remembering[MORPHO] remembered[MORPHO] vividly_remember know recollect[SYN] remembers[MORPHO] remind tell reminded
house,442,houses[MORPHO] bungalow[HYPO] apartment[COHYPO] bedroom[COHYPO] townhouse residence[COHYPO] mansion[SYN] farmhouse[HYPO] duplex[HYPO] appartment
turn,42,turning[MORPHO] turned[MORPHO] turns[MORPHO] Turning[MORPHO] pull[COHYPO] Turn[MORPHO] morph yank[COHYPO] move[COHYPO] transform
understand,416,comprehend[HYPO] explain know realize[SYN] understood[MORPHO] understands[MORPHO] understanding[MORPHO] recognize appreciate un_derstand
learn,373,teach[SYN] Learn[MORPHO] learned[MORPHO] learning[MORPHO] visit_www.imuc.com discover[SYN] Vectren_visit_http://www.vectren.com please_visit_www.ubisoftgroup.com Company_visit_http://www.csst.com IMUC_please
pass,362,passes[MORPHO] passing[MORPHO] badly_underthrown passed[MORPHO] dumpoff passess[MORPHO] nifty_wraparound passs[MORPHO] eluded_tacklers mark_Olukunle
work,33,working[MORPHO] works[MORPHO] worked[MORPHO] Work[MORPHO] towork job[COHYPO] Working[MORPHO] labors[COHYPO] roofers_painters dry_walling[COHYPO]
group,33,groups[MORPHO] organization[HYPO] =_rectangle goup Groups[MORPHO] advocacy[COHYPO] GROUP[MORPHO] Ithmaar_banking Neturei_Karta_sect consortium[HYPO]
ride,321,rides[MORPHO] riding[COHYPO] rode[MORPHO] Ride[MORPHO] Rides[MORPHO] Fabio_complimented joyride[HYPO] riders[COHYPO] DALMAC hop[COHYPO]
mention,32,mentioning[MORPHO] mentions[MORPHO] mentioned[MORPHO] allude nary_mention alluded forget Mention[MORPHO] cite[SYN] belabor
support,31,supporting[MORPHO] suport suppport Support[MORPHO] supported[MORPHO] backing[SYN] supports[MORPHO] assistance[COHYPO] sup_port supportive
town,281,village[COHYPO] hamlet[COHYPO] towns[MORPHO] city[COHYPO] Town[MORPHO] townspeople[SYN] tiny_hamlet municipality[COHYPO] township[SYN] townsfolk[SYN]
play,278,playing[MORPHO] plays[MORPHO] played[MORPHO] game[COHYPO] toplay Playing[MORPHO] games[COHYPO] paly score[COHYPO] Play[MORPHO]
forget,231,remember[ANTO] forgotten[MORPHO] forgetting[MORPHO] forgets[MORPHO] forgot[MORPHO] know remind foget overlook realize
long,22,short[ANTO] Long[MORPHO] longer[MORPHO] MSIM_strives lengthy longest[MORPHO] shorter commercialize_duloxetine_hydrochloride Pattern_Trapper_ADVANCED_Short LONG[MORPHO]
wake,22,aftermath[SYN] following[COHYPO] woke[MORPHO] wakeup_call woken[MORPHO] immediate_aftermath midst[COHYPO] wakes[MORPHO] waking[MORPHO] after
become,21,becoming[MORPHO] became[MORPHO] becomes[MORPHO] Becoming[MORPHO] beome Become[MORPHO] becomming increasingly be growingly
human,204,human_beings[HYPO] humans[MORPHO] impertinent_flamboyant_endearingly employee_Laura_Althouse humankind[HYPO] Human[MORPHO] mankind[HYPO] Christine_Gaugler_head humanity[COHYPO] sentient_intelligent
high,20,low[ANTO] High[MORPHO] higher[MORPHO] highest[MORPHO] ahigh lower[COHYPO] Low[COHYPO] HIGH[MORPHO] lowest elevated[COHYPO]
worry,186,worried[MORPHO] fret[COHYPO] worries[MORPHO] fretting worrying[MORPHO] fear[COHYPO] Worry[MORPHO] concerned complain concern[SYN]
see,180,seeing[MORPHO] look[SYN] know[COHYPO] think[COHYPO] tell find[SYN] watch[SYN] expect imagine realize[SYN]
complete,18,completed[MORPHO] completing[MORPHO] completes[MORPHO] Complete[MORPHO] full Completing[MORPHO] completion Successfully_completing detailed partial
hold,17,holding[MORPHO] held[MORPHO] holds[MORPHO] Hold[MORPHO] take[SYN] put[COHYPO] hang[COHYPO] cling[COHYPO] convene wrap[COHYPO]
control,17,controlling[MORPHO] contol controls[MORPHO] controlled[MORPHO] Control[MORPHO] Controlling[MORPHO] grip[COHYPO] con_trol conrol controllable
explain,166,understand explaining[MORPHO] clarify[HYPO] elucidate[HYPO] comprehend fathom describe[HYPO] explanation decipher[COHYPO] illustrate[HYPO]
try,160,trying[MORPHO] tried[MORPHO] tries[MORPHO] want[COHYPO] hoping Trying[MORPHO] attempt[SYN] regroup_refocus attempting let
open,16,opened[MORPHO] closed[ANTO] opens[MORPHO] opening[MORPHO] reopen closes[COHYPO] close[ANTO] 9am_5pm_Mon reopened ajar
hear,159,heard[MORPHO] hears[MORPHO] listen[SYN] listened[COHYPO] tell Hear[MORPHO] listening see[SYN] spoons_clanking Wah_wah_wah
talk,156,talking[MORPHO] talked[MORPHO] speak[SYN] Talk[MORPHO] discuss[COHYPO] discussing tell brag[COHYPO] complain blab[SYN]
realize,156,realizing[MORPHO] understand[SYN] realized[MORPHO] know recognize[SYN] think realizes[MORPHO] appreciate comprehend forget
imagine,153,fathom envision[HYPO] imagining[MORPHO] imagined[MORPHO] Imagine[MORPHO] wonder contemplate think[SYN] remember see
went,137,came[HYPO] ran[HYPO] gone drove walked[HYPO] took flew[HYPO] stayed go[SYN] proceeded
pool,132,pools[MORPHO] swimming_pool[HYPO] Pool[MORPHO] inflatable_kiddie kiddy_pool wading_pool[HYPO] swimming_pools[HYPO] generates_mappings hosting_THQ_Homefront kiddie_pool
send,116,sending[MORPHO] sent[MORPHO] sends[MORPHO] Sending[MORPHO] Send[MORPHO] Text_NR eveningstarletters@eveningstar.co.uk resend bring[COHYPO] pokorny@pfcritics.com
wait,115,waiting[MORPHO] waited[MORPHO] waits[MORPHO] wait_patiently Wait[MORPHO] ash_cloud_dissipates wait_til waiting_patiently Waiting[MORPHO] direction_Ditcharo
practice,113,practiced[MORPHO] practicing[MORPHO] pratice practices[MORPHO] Practice[MORPHO] prac_tice workouts[COHYPO] Practicing[MORPHO] shoot_arounds workout[COHYPO]
example,11,instance[SYN] examples[MORPHO] illustration[SYN] exemplar[SYN] shining_example reason[COHYPO] Example[MORPHO] counterexample[COHYPO] analogy[COHYPO] metaphor[COHYPO]
act,11,acts[MORPHO] acted[MORPHO] acting[MORPHO] behave[SYN] act_decisively Acts[MORPHO] Still_Geberth punish_wrongdoers Sanctioning_bodies commit
conversation,106,conversations[MORPHO] discussion[COHYPO] coversation discussions[COHYPO] chats[HYPO] chit_chat[HYPO] convo chat[HYPO] banter[COHYPO] dialogue[HYPO]
easy,94,easier[MORPHO] easiest[MORPHO] simple Easy[MORPHO] difficult[ANTO] effortless straightforward convenient quick tempting
dream,90,dreams[MORPHO] lifelong_dream boyhood_dream dreamed[MORPHO] lifelong_ambition dreaming[MORPHO] boyhood_dreams daydream[SYN] fondest_dreams wildest_dream
often,88,sometimes frequently[SYN] usually oftentimes[SYN] rarely[ANTO] typically seldom Often[MORPHO] routinely invariably
lots,87,lot[SYN] plenty[SYN] Lots[COHYPO] some galore aplenty LOTS[COHYPO] oodles[SYN] bunch[SYN] kinds[COHYPO]
miss,86,missed[MORPHO] misses[MORPHO] SOA_Web_#.#/AJAX Missed[MORPHO] roomy_Derek_Boogaard terribly_Shecket skip[COHYPO] lose[SYN] disappoint forget
live,85,living[MORPHO] Live[MORPHO] reside[HYPO] GoFightLive.tv lived[MORPHO] score_preview_recaps cherish_el_Gamal www.spss.com_invest Optionetics_Inc Merapi_fertile_slopes
picture,72,pictures[MORPHO] photograph[SYN] portrait[COHYPO] photo[SYN] photos[COHYPO] photographs[COHYPO] images[COHYPO] picutre image[SYN] snapshots[COHYPO]
big,68,huge bigger[MORPHO] biggest[MORPHO] major gigantic HUGE large[SYN] humongous Huge great[SYN]
apparently,67,evidently[SYN] reportedly presumably Apparently[MORPHO] supposedly Evidently seemingly[SYN] clearly initially ostensibly[SYN]
put,52,putting[MORPHO] puts[MORPHO] Putting[MORPHO] Put[MORPHO] placed pull[COHYPO] bring brought pushed come[COHYPO]
small,51,large[ANTO] tiny medium_sized Small[MORPHO] smaller[MORPHO] minuscule[SYN] larger mid_sized midsized sizable
visit,500,vist visiting[MORPHO] visits[MORPHO] Visit[MORPHO] visited[MORPHO] visist trip[COHYPO] visted Catte_Nappe visitthe
phone,500,telephone[SYN] cell_phone cellphone[HYPO] Phone[MORPHO] phones[MORPHO] landline[COHYPO] voicemail[COHYPO] caller_id[COHYPO] RingCentral_cloud_computing telephones[COHYPO]
suck,500,sucking[MORPHO] sucks[MORPHO] sucked[MORPHO] Sucking[MORPHO] suckin rip[COHYPO] spew gobble[COHYPO] piss[COHYPO] bleed
ok,500,okay[SYN] alright[SYN] OK[MORPHO] lol anyways hey Ok[MORPHO] allright thats yeah
woman,500,man[ANTO] girl[HYPO] teenage_girl teenager[COHYPO] lady[HYPO] teenaged_girl mother[COHYPO] policewoman[COHYPO] boy[COHYPO] Woman[MORPHO]
evil,500,malevolent[SYN] wickedness[SYN] evil_doers demonic villainous Evil[MORPHO] evil_incarnate satanic satan evilness[SYN]
think,500,know[COHYPO] guess[SYN] suppose[SYN] really thought[MORPHO] obviously maybe probably believe[SYN] definitely
gay,500,homosexual[SYN] lesbian[HYPO] gays[MORPHO] LGBT homosexuals[COHYPO] lesbians[HYPO] transgender GLBT gay_lesbian openly_gay
smile,500,grin[SYN] smiles[MORPHO] grins[COHYPO] beaming_smile smirk[HYPO] smiling[MORPHO] mischievous_smile toothy_grin toothy_smile sly_grin
god,500,gods[MORPHO] deity[SYN] God[MORPHO] diety goddess deities lord god_Zeus Almighty Gods[MORPHO]
food,500,foods[MORPHO] Food[MORPHO] foodstuffs[COHYPO] meals[HYPO] food_stuffs nourishing_meals foodstuff[COHYPO] staple_foods nutritious meal[HYPO]
finish,500,finishing[MORPHO] finishes[MORPHO] finished[MORPHO] finsh fi_nish Finishing[MORPHO] finsih win[COHYPO] finshing finshed
movie,500,film[SYN] movies[MORPHO] films[COHYPO] moive Movie[MORPHO] horror_flick sequel[COHYPO] Guy_Ritchie_Revolver romantic_comedy flick[SYN]
want,500,do[COHYPO] wanted[MORPHO] need[SYN] can[COHYPO] wanting[MORPHO] prefer wanna wants[MORPHO] wantto going[COHYPO]
hair,500,curly_hair tresses[HYPO] mane[HYPO] hairdo[HYPO] blonde_hair blond_hair gray_hair wavy_hair hairstyle[HYPO] blonde_locks
church,500,congregation[COHYPO] churches[MORPHO] Church[MORPHO] parishioners[COHYPO] Catholic_Church[HYPO] congregations[COHYPO] parish[COHYPO] chuch parishoners Roman_Catholic_Church[HYPO]
coffee,500,coffees[MORPHO] gourmet_coffee Coffee[MORPHO] o_joe Starbucks_coffee coffee_beans[COHYPO] latté cappuccino[HYPO] brewed_coffee espresso[HYPO]
fire,500,blaze[COHYPO] fires[MORPHO] Fire[MORPHO] flames[COHYPO] carelessly_discarded_cigarette inferno[COHYPO] firefighters[COHYPO] alarm_blaze brush_fires[HYPO] grassfire[HYPO]
friends,500,acquaintances[COHYPO] friend[SYN] buddies[HYPO] pals[HYPO] relatives[COHYPO] girlfriends[HYPO] family[COHYPO] grandparents_aunts_uncles_cousins freinds acquaintences
tv,500,TV[MORPHO] Tv[MORPHO] televison television[SYN] teevee telly[SYN] espn hbo nbc cbs
mom,500,Mom[MORPHO] dad[COHYPO] mother[COHYPO] grandma[COHYPO] mommy[SYN] daddy[COHYPO] moms[MORPHO] Dad[COHYPO] daughter[COHYPO] mama[SYN]
add,49,Adding[MORPHO] Add[MORPHO] adds[MORPHO] bring[SYN] augment create incorporate expand combine[COHYPO] elevate
someone,483,somebody[SYN] anyone Someone[MORPHO] somebody_else somone anybody person[SYN] Anybody Somebody[COHYPO] guy[HYPO]
leave,48,leaving[MORPHO] stay[COHYPO] depart[SYN] Leaving[MORPHO] left[MORPHO] leaves[COHYPO] return[COHYPO] vacate quit rejoin
issue,46,issues[MORPHO] thorny_issue problem[COHYPO] isssue topic[SYN] Issues[MORPHO] touchy_subject matter[SYN] matters[COHYPO] dilemma[COHYPO]
feel,457,feeling[MORPHO] felt[COHYPO] feels[MORPHO] think[COHYPO] know[COHYPO] really Feeling[MORPHO] Cinder_fella sense[SYN] feeing
beat,445,beating[MORPHO] beaten[MORPHO] beats[MORPHO] trounce[SYN] thumped defeated[COHYPO] trounced outplay win[COHYPO] outslug
view,44,views[MORPHO] viewpoint[COHYPO] vantage_point[COHYPO] perspective[SYN] Noem_benefited Smoke_obscures vantage[COHYPO] MonitorPlus_article Views[MORPHO] viewed[MORPHO]
learned,44,learn[SYN] relearned[HYPO] taught learns knew learning relearn[HYPO] talked teach[SYN] realized
trust,43,trusts[MORPHO] opinion_Stoutenburg trusting[MORPHO] Trust[MORPHO] Hasegawa_crammed Subordinated_debentures_payable busting_Teddy_Roosevelt confidence[SYN] mustachioed_cowboy_hips Equifax_empowers_businesses
dear,43,dearest[MORPHO] lord_bless dearly[SYN] bonnie_st_george_mandaue##@yahoo.com dear_lord son_Excellency_Baraka beloved[SYN] cherished God_bless Dearest[MORPHO]
sleep,415,sleeping[MORPHO] restful_sleep restorative_sleep slept[MORPHO] nap[SYN] wakings[COHYPO] naps[COHYPO] fitful_sleep Sleep[MORPHO] doze[COHYPO]
process,40,processes[MORPHO] pro_cess multistep_process processs[MORPHO] proc_ess process.The procedure[SYN] Process[MORPHO] laborious multistep_permitting
happen,395,happens[MORPHO] occur[SYN] happening[MORPHO] happened[MORPHO] tomorrow_Camardelle do hap_pen Jassim_Zeidan_al mourner_Nazakat_Soomro come
class,38,classes[MORPHO] classs[MORPHO] Faithfully_Fit_exercise Class[MORPHO] Ramla_mixed grade[SYN] middle[COHYPO] IKON_integrates runic_setup_signifies royalists_wealthy
fast,36,quick[SYN] rapidly Fast[MORPHO] quickly slow[ANTO] faster[MORPHO] breakneck_speed TSFG_focuses rapid[COHYPO] speed[COHYPO]
room,330,rooms[MORPHO] upstairs[COHYPO] hallway[COHYPO] downstairs dining_room[HYPO] bathroom[HYPO] kitchenette[HYPO] jacuzzi_tub basement[COHYPO] lounge[COHYPO]
truth,327,truths[MORPHO] falsehood[ANTO] veritas_Latin Fatma_Trad_veiled truthful facts[COHYPO] Truth[MORPHO] untruths[COHYPO] falsity[ANTO] unvarnished_truth
low,30,high[ANTO] Low[MORPHO] lower[MORPHO] lowest[MORPHO] higher lowish ultralow ahigh zero[COHYPO] below
eye,29,eyes[MORPHO] Eye[MORPHO] eyelid[PARTOF] ear[COHYPO] eyeball[SYN] beady_eye Obagi_ELASTIderm_TM Morgan_Tsvangirai_ur beady peepers[COHYPO]
story,276,stories[MORPHO] tale[SYN] Associated_PressComment fable[COHYPO] tales[COHYPO] retelling narrative[SYN] Story[MORPHO] backstory harrowing_tale
feeling,229,feel[SYN] felt[COHYPO] feels[COHYPO] Feeling[COHYPO] feeing feelings[HYPO] Well_how're Clarisse_Que mood[HYPO] sense[SYN]
wanted,215,want[SYN] tried knew did wants wanting liked[HYPO] decided wished[HYPO] hoped[HYPO]
office,21,offices[MORPHO] ofice Office[MORPHO] offi_ce offfice desk[COHYPO] Offices[MORPHO] office.The headquarters[HYPO] branch[COHYPO]
wish,193,wished[MORPHO] wishing[MORPHO] wishes[MORPHO] want[SYN] wanted hope[COHYPO] DTT_NET.COM_editor@dtt-net.com sincerely_hope Merry_Christmas_Happy desire[COHYPO]
run,183,runs[MORPHO] running[MORPHO] drive[COHYPO] ran[MORPHO] scamper[COHYPO] tworun_double go[SYN] twoout walk[COHYPO] Mark_Grudzielanek_singled
need,172,needed[MORPHO] want[SYN] needs[MORPHO] must[COHYPO] needing[MORPHO] can[COHYPO] should do[COHYPO] needto necessary[COHYPO]
light,172,lights[MORPHO] yellowish_glow illumination[SYN] Scaffold_Towers_DIY injuries_Fuellhardt workers_differently_Corenthal Light[MORPHO] glow[COHYPO] sensitive_photoreceptor_cells illuminate[SYN]
step,15,steps[MORPHO] giant_leap stepping[MORPHO] move[COHYPO] quantum_leap[COHYPO] stepped[MORPHO] strides[COHYPO] leap[COHYPO] stepping_stone[COHYPO] Step[MORPHO]
question,148,questions[MORPHO] unasked_question quesiton unanswerable_question quesion answer[ANTO] Questions[MORPHO] Question[MORPHO] queston conundrum[COHYPO]
hit,131,hitting[MORPHO] hits[MORPHO] struck knocked Hitting[MORPHO] clobbered smashed smacked slammed Hit[MORPHO]
short,13,Short[MORPHO] long[ANTO] shorter[MORPHO] WEGENER_focuses shortest[MORPHO] Pattern_Trapper_ADVANCED_Short shortterm Callidus_SPM_software term[COHYPO] andlong
clean,129,Clean[MORPHO] mess_Lehmacher Surprisingly_Zambonis cleaned[MORPHO] cleaning[MORPHO] cleaner[MORPHO] sober_Boole_added surgeon_Rochelle_Dicker NASDAQ_BLDP_provides leadoff_batter_Jose_Bautista
moved,128,moving shifted relocated drifted[HYPO] pushed crept[HYPO] went nudged move[SYN] inched[HYPO]
tried,127,attempted[COHYPO] tried_unsuccessfully trying[COHYPO] attempting[COHYPO] try[SYN] wanted attempt[SYN] strove[HYPO] managed struggled[HYPO]
simple,121,straightforward Simple[MORPHO] uncomplicated[SYN] simplest[MORPHO] easy fairly_straightforward deceptively_simple simpler[MORPHO] simplistic disarmingly_simple
poor,113,poorer[MORPHO] abysmal poorest[MORPHO] lousy woeful student_Abu_Fatmah pitiful[SYN] bad[COHYPO] wretched[SYN] shoddy[COHYPO]
totally,113,completely[SYN] utterly entirely[SYN] Completely wholly[SYN] Totally[MORPHO] completly basically absolutely competely
end,10,ending[MORPHO] ends[MORPHO] beginning[ANTO] ended[MORPHO] theend endof midpoint[COHYPO] start[COHYPO] prolong mid
true,99,truest[MORPHO] truer[MORPHO] truth[COHYPO] sounds_trite Liyer_wish genuine[SYN] C'est_Vrai_means Sounds_TOO LiquidViagra real[COHYPO]
ideas,99,Ideas[COHYPO] idea[SYN] concepts[HYPO] suggestions[HYPO] philosophies[COHYPO] brainstorms[COHYPO] proposals[COHYPO] visions[COHYPO] theories[COHYPO] perspectives[COHYPO]
hour,92,hours[MORPHO] minutes[PARTOF] minute[SYN] ##/#-hour hourlong ##minute ##minutes halfhour day[COHYPO] #/#-hour
hot,92,Hot[MORPHO] hottest[MORPHO] hotter[MORPHO] CHEFS_Chefs sizzling scorching teardrop_shaped_VTA cool briquette_iron heated
place,9,palce places[MORPHO] spot[SYN] placein sole_possession placed[MORPHO] sole_possesion finish[COHYPO] sole_posession
lucky,84,fortunate unlucky[ANTO] luckiest[MORPHO] luckier[MORPHO] Still_LaCock_considered socks_Reiff Voisins_sans happy loser_Rajeev_Ram loser_Simon_Greul
weekend,81,week[COHYPO] summer[COHYPO] Saturday[PARTOF] weeked Labor_Day[COHYPO] Weekend[MORPHO] night[COHYPO] Sunday[PARTOF] afternoon[COHYPO] weekened
men,80,women[COHYPO] Men[MORPHO] males[COHYPO] mens[MORPHO] boys[COHYPO] man[SYN] females[COHYPO] teenagers[COHYPO] girls[COHYPO] ladies[COHYPO]
summer,80,spring[COHYPO] winter[COHYPO] summertime[SYN] summers[MORPHO] autumn[COHYPO] weekend[COHYPO] week[COHYPO] Summer[MORPHO] springtime[COHYPO] month[COHYPO]
changed,74,altered changing change[SYN] alter[SYN] drastically_altered radically_altered shifted[HYPO] alters altering rethought
ever,72,EVER[MORPHO] never[ANTO] arguably imagined 've even NY1_Gear_Shop Ever[MORPHO] anything since
real,69,genuine[SYN] great[COHYPO] really[SYN] actual[SYN] everything'sa actually kind[COHYPO] true[COHYPO] Therein_lays definite
gone,67,went go[SYN] goes fallen[HYPO] come[ANTO] gotten done moved going disappeared
serious,67,serous severe[SYN] Serious[MORPHO] seriously minor seri_ous seriousness gravest grievous[SYN] nonserious
somewhere,65,someplace[SYN] somewhere_else Somewhere[MORPHO] somwhere ours_Sanville anywhere Qari_Ahmadi Michael_Haibach_deputy somewheres[MORPHO] blocked_Ueberbach
world,65,globe[SYN] theworld country[COHYPO] continent[COHYPO] worldâ_€_™ nation[COHYPO] global[SYN] worldwide[SYN] United_States globally
large,61,sizeable small[ANTO] sizable Large[MORPHO] huge larger[MORPHO] massive smaller substantial gigantic
lead,60,advantage[COHYPO] trailed cushion[COHYPO] led[MORPHO] midway_through thelead leads[MORPHO] commanding lead.The Lead[MORPHO]
starts,59,begins start[SYN] starting[SYN] tomorrow_Shirato finishes[COHYPO] outings[COHYPO] permits_data_due.Thursday ends[COHYPO] started begin[SYN]
day,58,week[COHYPO] days[MORPHO] morning[COHYPO] month[COHYPO] hours[PARTOF] afternoon[COHYPO] hour[PARTOF] weekend[COHYPO] evening[COHYPO] time[COHYPO]
link,58,links[MORPHO] linking[MORPHO] linkage[COHYPO] bir_alıntılanan_köşe_yazısı connection[SYN] alıntılanan_köşe_yazısı_haberin http://www.corebox.net/properties/reed_lake/ www.qcmallards.com linkages[COHYPO] causal_relationship
mostly,55,mainly largely[SYN] primarily predominantly chiefly predominately Mostly[MORPHO] generally[SYN] principally Largely
months,51,weeks[PARTOF] years[COHYPO] days[COHYPO] month[SYN] decades[COHYPO] year[COHYPO] hours[COHYPO] week[PARTOF] Months[COHYPO] decade[COHYPO]
war,500,wars[MORPHO] War[MORPHO] invasion[COHYPO] Persian_Gulf_War Vietnam_War Iraq unwinnable_quagmire un_winnable occupation[COHYPO] conflict[PARTOF]
art,500,visual_arts artworks[COHYPO] artwork[SYN] printmaking[COHYPO] Art[MORPHO] LSA_CC art_gallery[COHYPO] AABB_Cryo_Cell arts[MORPHO] artmaking
win,500,victory[COHYPO] wins[MORPHO] clinch[COHYPO] winning[MORPHO] victories[COHYPO] triumph[COHYPO] won[MORPHO] defeat[COHYPO] beat[COHYPO] vicory
songs,500,tunes[COHYPO] song[SYN] lyrics[PARTOF] Songs[COHYPO] ballads[HYPO] instrumentals albums[COHYPO] melodies[COHYPO] album[COHYPO] original_compositions
book,500,tome[HYPO] books[MORPHO] memoir[COHYPO] paperback_edition autobiography[COHYPO] memoirs[COHYPO] Book[MORPHO] paperback[COHYPO] novels[COHYPO] hardback[COHYPO]
teacher,500,teachers[MORPHO] Teacher[MORPHO] guidance_counselor elementary PE_teacher schoolteacher[HYPO] school[COHYPO] pupil[COHYPO] student[COHYPO] paraprofessional[COHYPO]
study,500,studies[MORPHO] Study[MORPHO] survey[SYN] longitudinal_study observational_study researchers[COHYPO] research[COHYPO] multicenter_study meta_analysis randomized_controlled_trial
team,500,squad[SYN] teams[MORPHO] Team[MORPHO] teammates[COHYPO] league[COHYPO] sqaud coach[COHYPO] players[COHYPO] coach_Rob_Klatte Duease
sound,500,sounds[MORPHO] sounding[MORPHO] boomy sonics synthesized_strings bassy sounded[MORPHO] sounded_tinny hi_fidelity noises[COHYPO]
site,500,sites[MORPHO] Site[MORPHO] www.panasonic.com/3D website[SYN] site.The web[COHYPO] www.mphventurescorp.com location[COHYPO] www.meau.com Visit_TMM
crap,500,shit[SYN] sh_*_t bullshit[SYN] sh_t sh_** bullsh_*_t shite[SYN] crapola fucking[COHYPO] bullcrap
project,500,projects[MORPHO] pro_ject proj_ect Project[MORPHO] Projects[MORPHO] construction[COHYPO] feasibility_study pro_jects project.The theproject
pictures,500,photos[COHYPO] photographs[COHYPO] images[COHYPO] photograph[SYN] photo[SYN] picture[SYN] Photographs[COHYPO] pics[COHYPO] Photos[COHYPO] snapshots[COHYPO]
park,500,parks[MORPHO] Park[MORPHO] superintendent_Dave_Uberuaga skate_park parkland[SYN] Kohler_Andrae campground[COHYPO] Taraji_Henson_knocked Castaway_Cove skateboard_park
film,500,movie[SYN] films[MORPHO] filmmaker[COHYPO] filmmakers[COHYPO] filmmaking movies[COHYPO] cinema[SYN] Guy_Ritchie_Revolver Vasanthabalan Nadunisi
minute,500,minutes[MORPHO] mintue seconds[PARTOF] mintues hour[SYN] ##minutes ##minute halfhour minuets[COHYPO] mintes
wonderful,500,marvelous[SYN] fantastic[SYN] great fabulous terrific[SYN] lovely amazing beautiful magnificent delightful
law,500,laws[MORPHO] statute[COHYPO] statutes[COHYPO] Law[MORPHO] legislation[HYPO] Constitution[COHYPO] constitution[COHYPO] Prevailing_Wage_Act slayer_statute rule[COHYPO]
thought,500,knew think[SYN] figured felt[COHYPO] guess[SYN] probably believed thinking[SYN] maybe looked
sort,500,kind[SYN] Ben_Hur_proportions sorts[MORPHO] suppose type[HYPO] screwball_ruse basically really vent_Gespass weird[COHYPO]
drunk,500,intoxicated[SYN] inebriated[SYN] drunken tipsy drinking[COHYPO] Drunk[COHYPO] visibly_intoxicated drink[SYN] drunks[COHYPO] boozed
information,500,info[SYN] infomation infor_mation informaiton informa_tion informationon informationabout Information[MORPHO] informaion details[HYPO]
funny,500,hilarious humorous hilariously_funny amusing[SYN] found_loophole_Conk goofy comical[SYN] witty funniest[MORPHO] freaking_hilarious
hello,500,hi[SYN] goodbye[COHYPO] howdy[SYN] goodnight greeting[COHYPO] Hello[MORPHO] g'day See_ya ya_doin greet
parents,500,grandparents[COHYPO] Parents[COHYPO] children[COHYPO] siblings[COHYPO] younger_siblings kids[COHYPO] mother[HYPO] child[ANTO] daughters[COHYPO] mothers[HYPO]
fuck,500,fucking[MORPHO] f_*_ck f_**_k shit[COHYPO] fucked[MORPHO] fuckin f_*** f_ck f_--- Fuck[MORPHO]
fat,500,fatty[SYN] belly_fat unhealthy_fats Heart_clogging_trans saturated_fat fats[MORPHO] flab[COHYPO] Redistribution_accumulation Fat[MORPHO] fatty_foods
school,500,elementary schools[MORPHO] shool elementary_schools[HYPO] kindergarten[COHYPO] eighth_grade School[MORPHO] teacher[COHYPO] students[COHYPO] classroom[COHYPO]
boring,500,dull[SYN] uninteresting monotonous bored bland tedious[SYN] unexciting tiresome[SYN] mind_numbingly_boring dreadfully_boring
sorry,500,deeply_sorry ashamed apologize Sorry[MORPHO] sad[SYN] regretful[SYN] glad embarassed apologizing embarrassed
dance,500,dancing[MORPHO] dances[MORPHO] dancers[COHYPO] Dance[MORPHO] ballroom_dance[COHYPO] dancer[COHYPO] dance_troupe dance_routines lindy_hop[COHYPO] ballet[COHYPO]
cold,500,chilly[COHYPO] frigid[SYN] Cold[MORPHO] bitterly_cold chill[COHYPO] warm colder[MORPHO] TONIGHT_Clear frosty frigid_weather
girl,500,boy[ANTO] teenage_girl woman[COHYPO] teenager[COHYPO] schoolgirl[COHYPO] teenaged_girl daughter[SYN] mother[COHYPO] toddler[COHYPO] girls[MORPHO]
books,500,book[SYN] tomes[HYPO] paperback_novels nonfiction_books novels[COHYPO] booklist textbooks[HYPO] ebooks Books[COHYPO] hardbacks_paperbacks
okay,500,alright[SYN] ok[SYN] OK[SYN] yeah allright hey say_Hey_feller anyway anyways maybe
loved,500,adored[HYPO] liked love[SYN] loves hated Allan_Hutchisson loving adore[HYPO] Fivelson_substitute_teacher beloved
wow,500,Wow[MORPHO] dazzle[COHYPO] oh_wow wows[MORPHO] awesome ooh oooh holy_smokes wowed[MORPHO] Oooh
tonight,500,Tonight[MORPHO] tomorrow[COHYPO] tonights[MORPHO] night[COHYPO] Saturday[COHYPO] Tonights[MORPHO] tongiht tomorrrow tommorow Antonio_Santino_emailed
call,500,Call[MORPHO] calls[MORPHO] calling[MORPHO] dial_#-###-### visit_www.clairmail.com visit_www.oscars.org See_www.thewerehouse.com Charlene_Pellin_answered information_visit_http://www.tempurpedic.com calll
beginning,50,starting[COHYPO] begins begin[SYN] term_TIPSC begining start[HYPO] began end[ANTO] fledgling_Arpanet_network beginnings[COHYPO]
favorite,48,favorites[MORPHO] fave Favorite[MORPHO] Favourite[COHYPO] favourtie faves favs Favorites[MORPHO] best[COHYPO] popular
mark,47,marks[MORPHO] marking[MORPHO] record[COHYPO] marked[MORPHO] eclipsing emerald_hued_holiday countryman_Haile_Gebrselassie milestone[COHYPO] plateau[COHYPO] ##-#.#_#.##m
way,43,ways[MORPHO] how thing[COHYPO] things[COHYPO] path[SYN] everything going[COHYPO] someway it[COHYPO] manner[SYN]
message,41,messages[MORPHO] messsage mesage Message[MORPHO] messege subliminal_message mes_sage Messages[MORPHO] missive[COHYPO] congratulatory_message
home,40,house[SYN] Superfast_WiFi homes[MORPHO] Home[MORPHO] residence[COHYPO] bedroom[COHYPO] apartment[COHYPO] Casa_Del_Lago lakehouse lakefront_cottage
dark,390,darkened darker[MORPHO] gray[COHYPO] pools_Niederauer darkness[SYN] darkest[MORPHO] ghostly_glow Satanic_mills stuffy_cabins Colbert_SpongeBob
busy,38,hectic Busy[MORPHO] busier[MORPHO] hectic_schedule busily busiest[MORPHO] preoccupied hectic_schedules stressful Hectic
fine,38,fines[MORPHO] fined fi_ne Osteens_paid fining Fines[MORPHO] Fine[MORPHO] Linemate_Tomas_Plekanec hefty_fines surfine
clear,35,crystal_clear clearer[MORPHO] abundantly_clear obvious clearest[MORPHO] unambiguous unclear[ANTO] sure evident unequivocal
local,35,Local[MORPHO] regional ocal hoteliers_restaurateurs civic LOCAL[MORPHO] national[ANTO] locally spokesman_Masaru_Morita municipal
sick,333,everything_Akaogi ill[SYN] seriously_ill Some_antiflu_drugs deathly_sick Sick[MORPHO] unwell deathly_ill sicker[MORPHO] announced_Etant_Dupain
piece,33,pieces[MORPHO] peice bits[COHYPO] nugget[COHYPO] masterpiece[COHYPO] Pieces[MORPHO] item[COHYPO] slice[SYN] peices chunks[COHYPO]
stories,328,tales[COHYPO] story[SYN] Stories[COHYPO] Rubble_piled anecdotes[COHYPO] narratives[COHYPO] tall_tales[HYPO] tale[SYN] below_glowed_frosty experiences[COHYPO]
death,324,deaths[MORPHO] murder[COHYPO] untimely_death slaying[COHYPO] killing[HYPO] fatal murdered deat Death[MORPHO] died
update,321,updates[MORPHO] updated[MORPHO] updating[MORPHO] DESCRIPTION_rPath TITLE_Red_Hat Fierce_ContentManagement GoldCore_blog DESCRIPTION_Debian DESCRIPTION_Red_Hat disembodied_voice_intoned
mean,313,means[MORPHO] imply[SYN] equate necessarily necessitate entail[SYN] bode_well portend do[COHYPO] anyway
free,30,Free[MORPHO] Six_Flags_website_http://www.sixflags.com FREE[MORPHO] nominal_fee therapy_systems_NFITS restricted complimentary[SYN] afree www.dickmorris.com ###-####_artmuseumgr.org
full,29,Full[MORPHO] afull complete FULL[MORPHO] PNC.C_PNC.C SCE.Q_SCE.Q NWS.A_NWS.A._NWS.A ERGY_ERGY GDSZF_GDSZF fuller[MORPHO]
paper,286,They_unroll_toilet papers[MORPHO] Accelerating_3G Paper[MORPHO] cloth_swabs quoted_Hao_Peng newspaper[SYN] newsprint_uncoated printed Qassas_confirmed
choice,28,choices[MORPHO] choose choosing Choosing chose chosen[COHYPO] selection[SYN] option[SYN] preference[COHYPO] selecting
care,271,Care[MORPHO] caring[MORPHO] cared[MORPHO] maintenance_Aurum_Mine hospice_palliative Care_Nurse_Practitioners homecare health_care[COHYPO] palliative_care CareScout_helps
almost,26,nearly[SYN] practically virtually[SYN] Almost[MORPHO] roughly seemingly Virtually just Nearly every
sitting,252,sat[COHYPO] Sitting[COHYPO] sit[SYN] seated[SYN] sits staring lounging standing[ANTO] slouched sittin
new,25,revamped thenew newest[MORPHO] newly[SYN] revamps newer[MORPHO] brand_spanking existing long_awaited groundbreaking
wonder,232,wondering[MORPHO] wondered[MORPHO] wonders[MORPHO] wondered_aloud wondering_aloud ponder know[COHYPO] imagine fathom[COHYPO] guess[COHYPO]
early,23,late[ANTO] Early[MORPHO] mid Late sometime before earliest[MORPHO] until eary ealy
head,22,heads[MORPHO] Head[MORPHO] director[COHYPO] assistant[COHYPO] deputy[COHYPO] chief[SYN] chair[COHYPO] Youssef_Kanjo arm[COHYPO] vice_president[COHYPO]
thank,208,sincerely_thank thanking[MORPHO] Thank[MORPHO] heartfelt_thanks thanked[MORPHO] sincere_gratitude sincere_appreciation congratulate commend grateful
truly,208,genuinely[SYN] Truly[MORPHO] really[SYN] truely indeed uniquely absolutely profoundly ebullient_Ohno incredibly
number,20,numbers[MORPHO] numberof thenumber proportion[COHYPO] num_ber many numer amount[SYN] Number[MORPHO] handful[COHYPO]
public,19,pubic Public[MORPHO] private[ANTO] thepublic pub_lic publc PUBLIC[MORPHO] pubilc apublic pulic
program,181,programs[MORPHO] progam Program[MORPHO] program.The initiative[COHYPO] TRIO_Upward_Bound progams progamme Acceleration_Program Programs[MORPHO]
level,18,levels[MORPHO] threshold[COHYPO] level.The Levels[MORPHO] echelon[COHYPO] Level[MORPHO] Jackass_sey_di_worl levelof heights[COHYPO] Baathist_civil_servants
seem,172,seems[MORPHO] seemed[MORPHO] appear[SYN] necessarily seemingly certainly quite they're not admittedly
exactly,166,precisely[SYN] what Exactly[MORPHO] exact know exact_opposite EXACTLY[MORPHO] why exaclty how
money,164,monies funds[COHYPO] moneys[MORPHO] dollars[COHYPO] cash[COHYPO] vast_sums fund[HYPO] Money[MORPHO] taxpayer_dollars Monies
business,164,businesses[MORPHO] busines busi_ness PETER_PASSI_covers Business[MORPHO] businesss[MORPHO] Sopris_supplemental_solutions company[COHYPO] entrepreneurial buiness
order,16,orders[MORPHO] ordering[MORPHO] TRO_temporary_restraining ordered[MORPHO] mandamus_compelling orderto impugned_notification necessary[COHYPO] directive[COHYPO] disobeyed_lawful
right,152,Right[MORPHO] wrong[ANTO] ##.Help_us Goodwill_Catanese left[ANTO] fielder_Joe_Borchard NOTE_Xactly_Incent fielder_Ambiorix_Concepcion now[COHYPO] fielder_Jeromy_Burnitz
course,150,courses[MORPHO] Course[MORPHO] Innisbrook_Copperhead Meadow_Valleys USATF_certified Safriya Maui_Kapalua_Plantation Fazio_Canyons emetogenic_cancer Courses[MORPHO]
perhaps,144,Possibly possibly[SYN] Perhaps[MORPHO] maybe[SYN] might probably arguably surely even presumably
body,141,bodies[MORPHO] Body[MORPHO] corpse[COHYPO] torso[SYN] partially_decomposed decomposing_body clothing_scented_soaps vehicle_Kamenobu shallow_grave_More_>> dismembered_body
special,14,Special[MORPHO] speical aspecial professionals_CEC_SmartBrief specially standout_Heath_Farwell Richard_Bisaccia extraordinary extra[SYN] SPECIAL[MORPHO]
problem,135,problems[MORPHO] dilemma[COHYPO] prob_lem conundrum[COHYPO] probem shortcoming[COHYPO] Problem[MORPHO] issue[COHYPO] quandary[COHYPO] trouble[SYN]
hurt,125,hurting[MORPHO] hurts[MORPHO] harmed injure[SYN] injures affect[COHYPO] dented adversely_affected sickening_crewman negatively_affect
trip,123,trips[MORPHO] excursion[COHYPO] jaunt[SYN] trek[COHYPO] sojourn[COHYPO] stopover[COHYPO] jaunts[COHYPO] journey[COHYPO] Trip[MORPHO] treks[COHYPO]
camp,119,camps[MORPHO] Camp[MORPHO] training_camp Camps[MORPHO] DaMarcus_Bradley campers[COHYPO] Training_Camp Washago_Ont Newcomer_Ugly_Betty Deir_el_Balah_refugee
figure,11,figures[MORPHO] fi_gure estimate[SYN] disenfranchise_Hargett figuring[MORPHO] guesstimate[COHYPO] statistic[COHYPO] guestimate[COHYPO] Marleys_refuse Kalas_evolved
left,108,leaving[COHYPO] leave[SYN] leaves[COHYPO] returned right[ANTO] departed[COHYPO] limped went remaining[SYN] empty[COHYPO]
single,105,Single[MORPHO] one[SYN] asingle signle Pinch_hitter_Miguel_Montero double[ANTO] Denard_Span_singled watt_bulb_illuminated Stephanie_Savre basesloaded
bought,101,purchased[COHYPO] sold buy[SYN] buys buying sell[ANTO] Bought[COHYPO] purchase[SYN] sells loaned
period,98,"periods[MORPHO] period.The pe_riod quarter[COHYPO] Incursions_During Period[MORPHO] --------------------------------------------_Retained_earnings time[COHYPO] thethird_quarter #,###,###_SUPPLEMENTAL_DISCLOSURE"
decided,93,opted chose[HYPO] persuaded agreed wanted decides instructed decide[SYN] felt_compelled refused
several,91,numerous few dozens two three many various[SYN] Several[MORPHO] four couple
huge,91,enormous big massive tremendous gigantic immense[SYN] colossal sizeable Huge[MORPHO] large
especially,86,particularly[SYN] Particularly Especially[MORPHO] particulary doubly very extremely really particuarly always
asking,85,ask[SYN] requesting asked asks Asking[COHYPO] urging[COHYPO] imploring begging[HYPO] telling[COHYPO] seeking[COHYPO]
stayed,82,remained[COHYPO] stay[SYN] staying[COHYPO] kept went stays remain[SYN] came sat moved
likely,81,unlikely[ANTO] expected likley may inclined probably[SYN] might likeliest could likelyto
looked,79,seemed looks Looked look[SYN] felt thought stared[HYPO] saw appeared sounded
looks,79,look[SYN] looked seems feels[COHYPO] Looks[COHYPO] sees[COHYPO] appears resembles looking[SYN] sounds[COHYPO]
country,77,nation[SYN] continent[COHYPO] region[COHYPO] thecountry world[COHYPO] coun_try United_States countrys[MORPHO] coutnry counry
years,74,decades[COHYPO] months[COHYPO] decade[COHYPO] weeks[COHYPO] days[SYN] yeas[COHYPO] years.The year[SYN] ##years seasons[COHYPO]
worked,73,working worked_tirelessly toiled works collaborated[HYPO] worked_diligently Worked lobbied work[SYN] labored
week,73,month[COHYPO] weekend[PARTOF] weeks[MORPHO] year[COHYPO] day[COHYPO] summer[COHYPO] fortnight[COHYPO] days[COHYPO] morning[COHYPO] week.The
however,71,though although nevertheless[SYN] nonetheless[SYN] that meanwhile also but only not
usually,70,typically normally[SYN] often generally sometimes tend rarely invariably Usually[MORPHO] oftentimes
still,70,now[COHYPO] though remains[COHYPO] remain stil but although yet[SYN] nonetheless[SYN] currently
lost,70,losing lose[SYN] regained loses loosing gained dropped loss[COHYPO] won[ANTO] regain
last,67,earlier Last[MORPHO] ago previous first[ANTO] after next past[COHYPO] this later
top,64,Top[MORPHO] topmost tops[MORPHO] thetop top## upper_echelon highest No.1 No.[COHYPO] fifth[COHYPO]
first,63,second[ANTO] third[COHYPO] fourth[COHYPO] fifth[COHYPO] sixth[COHYPO] seventh[COHYPO] thefirst last[ANTO] eighth[COHYPO] final[COHYPO]
experience,62,experiences[MORPHO] experi_ence expertise[COHYPO] expereince experince knowledge[COHYPO] experiece experienced[MORPHO] exprience ex_perience
started,59,began begun begain start[SYN] stopped begin[SYN] resumed went progressed Started
mood,58,moods[MORPHO] sombre_mood tone[COHYPO] sentiment[COHYPO] festive_mood Mood[MORPHO] celebratory_mood attitude[COHYPO] vibe[COHYPO] upbeat_mood
much,58,little[ANTO] far lot[COHYPO] Much[MORPHO] even[COHYPO] actually than bit[COHYPO] what considerably
ended,57,ending ends end[SYN] amounted culminated[HYPO] began totaled Ended lasted CASH_FLOW_OPERATING_ACTIVITIES
needed,56,need[SYN] necessary urgently_needed required[SYN] needing needs sorely_needed meant wanted enough
coming,56,come[SYN] going[COHYPO] Coming[COHYPO] heading[COHYPO] came getting[COHYPO] go[ANTO] comin next bringing[COHYPO]
forward,54,foward froward Dominic_Rhodes_plow Timminco_cautions ahead[SYN] Forward[MORPHO] Interfor_undertakes ProUroCare_undertakes forwardto forwad
matter,53,mater[COHYPO] matters[MORPHO] issue[SYN] mattter creatively_spelled question[COHYPO] regardless Weather.com_handles Accomplishing_teamwork MARCIA_COYLE
reason,52,reasons[MORPHO] why[HYPO] justification[COHYPO] excuse[COHYPO] motivating_factor explanation[COHYPO] rationale[COHYPO] thing[COHYPO] because motivation[COHYPO]
life,52,lives[MORPHO] chiseled_burnished_refined Interaction_enriches_your Shanda_Interaction_enriches Life[MORPHO] Fayaz_Wani_reports lifestyle[COHYPO] joys_sorrows humdrum_existence earthly_existence
date,52,dates[MORPHO] Ligand_judgment WCDMA_3G_Nokia Dates[MORPHO] Alpesh_B._Patel SBPA_substitution format_Domicile Norwich_Superior_Court visit_www.rsaconference.com rescheduled
finally,52,FINALLY[MORPHO] belatedly eventually[SYN] again fi_nally once then before when soon
job,51,jobs[MORPHO] Job[MORPHO] BrokeAss_Blog_Need work[COHYPO] daunting_Platoni employment[COHYPO] monster.com thankless_job rsum temping
yay,500,yea[COHYPO] uh duh Yay[MORPHO] YAY[MORPHO] lol haha nope yep ah
yea,500,yay[COHYPO] nay[ANTO] Yea[MORPHO] yes[COHYPO] wut aye lol Uhh nay_nay oh
christmas,500,xmas[COHYPO] Xmas[SYN] Christmas[MORPHO] x_mas Chrismas Christ_mas X_mas santa holiday[COHYPO] Chistmas
total,500,"whopping cumulative toal totaled[MORPHO] of### approximately totals[MORPHO] roughly #,### ##.#"
black,500,white[ANTO] Responded_Letterman_How blacks[MORPHO] crypt_inscribed transporting_petrochemicals brown[COHYPO] Shilah_Phillips women_dating_interracially wrote_Newitz blue[COHYPO]
strange,500,weird peculiar bizarre odd surreal disconcerting unusual[SYN] freaky strangest[MORPHO] curious
video,500,videos[MORPHO] Video[MORPHO] Efforting_soundbites video_clips INCLUDES_previously_unreleased videotape[COHYPO] footage[COHYPO] vidoe Watch_TimesCast_daily clips[COHYPO]
sweet,500,sweetness[SYN] sweetest[MORPHO] caramelly syrupy_sweet yummy buttery tooth_achingly fan_Rosangela_Pereira delicious fruity
guess,500,suppose[SYN] think[SYN] yeah maybe probably pioneer_LaLanne anyway know[COHYPO] hey Yeah
sun,500,sunlight[SYN] sun_rays sunshine[SYN] sunrays noonday_sun rays suns_rays dried_tomato_basil sun_shining UV_rays
students,500,student[SYN] undergraduates[HYPO] Students[COHYPO] teachers[COHYPO] classmates[COHYPO] stu_dents middle_schoolers faculty[COHYPO] sudents studens
kind,500,sort[SYN] really type[HYPO] itchy_Sakleh something basically shocked_Leskoven definitely Ben_Hur_proportions confusion_Saljic
father,500,son[COHYPO] uncle[COHYPO] brother[COHYPO] grandfather[COHYPO] dad[HYPO] mother[SYN] nephew[COHYPO] stepfather[COHYPO] eldest_son grandson[COHYPO]
shot,500,shots[COHYPO] shooting[SYN] shoot[SYN] pointblank_range Shot[COHYPO] fired richocheted shoots[COHYPO] Handycam_camcorders_plunged ricocheted
season,500,seasons[MORPHO] sesaon seson seaosn seaon preseason[HYPO] sesason postseason theseason midseason
rock,500,rock_n_roll rockers[COHYPO] punk_emo punk_rock[COHYPO] alt_rock station_WHJY_FM rocks[MORPHO] indie_rock star_Gustavo_Cerati rock'n'roll[SYN]
read,500,reading[MORPHO] reread reads[MORPHO] write Reread handwrite written read_aloud http://www.jpost.com_servlet_Satellite visit_www.sj-r.com/bakke
pretty,500,pretty_darn very awfully quite fairly[SYN] pretty_darned unbelievably really incredibly Pretty[MORPHO]
water,500,potable_water Water[MORPHO] sewage[COHYPO] groundwater Floridan_aquifer surficial_aquifer freshwater[HYPO] potable[COHYPO] wastewater[COHYPO] brackish_groundwater
article,500,op_ed column[COHYPO] articles[MORPHO] op_ed_piece Op_Ed editorial[HYPO] oped writeup aricle essay[COHYPO]
alright,500,okay[SYN] ok allright OK[SYN] yeah say_Hey_feller gooooood Ehh shutup COACH_HERMAN_EDWARDS
crazy,500,mad[SYN] insane weird[COHYPO] bonkers ridiculous stupid[COHYPO] crazier[MORPHO] freaky freaking wacky
lunch,500,lunches[MORPHO] meal[COHYPO] breakfast[COHYPO] Lunch[MORPHO] dinner[COHYPO] Michael_Auberry_vanished catered_lunch lunchtime[COHYPO] buffet_lunch brunch[COHYPO]
lord,500,lords[MORPHO] god Lord[MORPHO] Thou_knowest Lord_Ackner dost_thou lordship thou_knowest Ozai sitteth
children,500,kids[COHYPO] child[SYN] childen parents[COHYPO] chidren toddlers[HYPO] chidlren childrens daughters[COHYPO] Children[COHYPO]
hi,500,hello[SYN] hi_hi Hi[MORPHO] Rahul_Goel_answers aw ya aww jaldi luv deepak
suppose,500,guess[SYN] think[SYN] maybe yeah dunno hey Maybe Okay probably Hmm
good,500,great[COHYPO] bad[ANTO] terrific decent nice excellent fantastic better[MORPHO] solid[COHYPO] lousy
nice,500,good lovely neat fantastic wonderful terrific great awesome nicer[MORPHO] decent[SYN]
boys,500,girls[COHYPO] kids[COHYPO] Boys[COHYPO] boy[SYN] teenagers[COHYPO] schoolboys[HYPO] men[COHYPO] Girls[COHYPO] boysâ_€_™ teenage_girls
boy,500,girl[ANTO] teenager[COHYPO] toddler[COHYPO] teenage_girl man[COHYPO] teen_ager son[SYN] kid[COHYPO] youngster[COHYPO] stepfather[COHYPO]
scared,500,frightened[SYN] afraid terrified[HYPO] fearful petrified worried freaked petrified_Ogborn panicked Scared[COHYPO]
movies,500,films[COHYPO] movie[SYN] flicks[COHYPO] film[SYN] Hollywood_blockbusters Movies[COHYPO] horror_flicks blockbusters[COHYPO] indie_flicks romcoms
son,500,father[COHYPO] nephew[COHYPO] daughter[ANTO] grandson[COHYPO] brother[COHYPO] sons[MORPHO] eldest_son uncle[COHYPO] younger_brother mother[COHYPO]
email,500,e_mail emails[MORPHO] E_mail Email[MORPHO] roycimagala@hotmail.com cclark####nd@netscape.net email_info@unify.com Stephen_Gallien Website_www.citizen_news.org Cathryn_Khalil
married,500,divorced wed[SYN] marry[SYN] remarried happily_married marrying remarry marriage[COHYPO] Married[COHYPO] eloped
pain,500,discomfort[COHYPO] chronic_pain excruciating_pain ache[HYPO] arthritic_pain agony[COHYPO] soreness[HYPO] throbbing_pain dull_ache numbness[COHYPO]
dinner,500,dinners[MORPHO] brunch[COHYPO] Dinner[MORPHO] supper[COHYPO] luncheon[COHYPO] banquet[COHYPO] breakfast[COHYPO] buffet_dinner meal[COHYPO] lunch[COHYPO]
sister,500,daughter[COHYPO] mother[COHYPO] niece[COHYPO] aunt[COHYPO] sisters[MORPHO] twin_sister brother[ANTO] cousin[COHYPO] eldest_daughter granddaughter[COHYPO]
mad,500,crazy[SYN] bonkers stupid pissed insane[SYN] angry scared stark_raving_mad batty jealous
club,500,clubs[MORPHO] league[COHYPO] club.The theclub midlands_club official_website_www.heartsfc.co.uk Club[MORPHO] Alan_Biley PLYMOUTH_Argyle boss_Nigel_Spackman
title,500,championship[SYN] crown[COHYPO] titles[MORPHO] championships[COHYPO] champs[COHYPO] champ[COHYPO] champion[COHYPO] championsip trophy[COHYPO] chamionship
ass,500,butt[SYN] azz shit[COHYPO] asses[MORPHO] dick[COHYPO] hiney dude[COHYPO] d_*_ck nads[COHYPO] **_es
brain,500,brains[MORPHO] frontal_lobe[COHYPO] cerebellum[COHYPO] cerebral_cortex[COHYPO] temporal_lobe[COHYPO] cortex[COHYPO] brainstem[PARTOF] frontal_lobes[COHYPO] neural brain_frontal_lobe
white,500,black[ANTO] blue[COHYPO] brown[COHYPO] colored[COHYPO] wrote_Newitz gray[COHYPO] whites[MORPHO] browns_grays blues_grays grays_browns
beer,500,beers[MORPHO] lager[COHYPO] Beer[MORPHO] drinks[COHYPO] lagers[COHYPO] Yuengling_Lager microbrew Brooklyn_Lager suds[COHYPO] brewed_beer
beach,500,beaches[MORPHO] beachfront[COHYPO] beachside sandy_beach seashore[COHYPO] Beach[MORPHO] Vasden_displayed_kenaf_booms beachgoers shoreline[COHYPO] beach_goers
band,500,bands[MORPHO] punk_band alt_rock_band indie_rock_band rockers[COHYPO] guitarist[COHYPO] drummer[COHYPO] Band[MORPHO] singer_guitarist punk_rock_band
apartment,500,apartment_complex townhouse apartments[MORPHO] bedroom[COHYPO] Apartments[MORPHO] house[COHYPO] duplex[COHYPO] rooming_house[COHYPO] townhome fourplex
anyways,500,anyway[SYN] hey lol anyhow[SYN] cuz haha thats ok yeah wouldnt
anyway,500,anyhow[SYN] anyways[SYN] probably actually fighters_overran_Kibumba guess not hey if so
website,500,Web_site[COHYPO] webpage[COHYPO] Website[MORPHO] homepage[COHYPO] web[COHYPO] websites[MORPHO] webiste www[COHYPO] Web_Site[COHYPO] http://www
stuff,500,Pretty_classless things[COHYPO] crap[HYPO] thing[COHYPO] really shit[HYPO] guys[COHYPO] kinda Indeed_Rakieten something
please,500,Please[MORPHO] DMSP_Information www.nasdaq.com_GlobalSelect beaufortgazette.com see_http://www.fujitsu.com/ www.mitx.org Brownstone_website_www.brownstoneventures.com see_www.merial.com PLEASE[MORPHO] Company_website_www.trinitybiotech.com
government,500,Government[MORPHO] goverment governent governments[MORPHO] govern_ment governmnent governement govenrment governemnt govt
dad,500,Dad[MORPHO] father[COHYPO] grandpa[COHYPO] daddy[SYN] mom[COHYPO] stepdad son[COHYPO] granddad[COHYPO] uncle[COHYPO] brother[COHYPO]
cd,500,CD[MORPHO] cds[MORPHO] dvd[COHYPO] cd_dvd itunes lp[COHYPO] protools flac stores_r_blackballing mp3
blog,500,Blog[MORPHO] blogs[MORPHO] blogger[COHYPO] blogsite Weblog Visit_Sandy_Bauers blogging http://go.philly.com/greenspace Blogger[COHYPO] Twitter[COHYPO]
eventually,50,ultimately Eventually[MORPHO] shortly_thereafter then subsequently soon quickly gradually finally[SYN] initially
moving,49,moved Moving move[SYN] inching[HYPO] shifting moves pushing drifting relocating heading
except,49,Except[MORPHO] excepting[MORPHO] Minagawa_outlived virtually Virtually INCOME_STATEMENT_DATA_Dollars practically else few_scrapes_Kyson Practically
sad,480,saddening Sad[MORPHO] saddened heartbreaking disheartening Meny_Friedman parishioner_Pat_Patello saddens_me distressing[SYN] reminders_bobbing
rather,48,instead[SYN] Rather[MORPHO] merely less simply more Instead than preferring infinitely
card,475,cards[MORPHO] Card[MORPHO] accompanying_GOLD_proxy accompanying_WHITE_proxy prepaid_reloadable debit_card[COHYPO] NACo_prescription_discount Visa_debit_card Metro_SmarTrip Lexar_Professional_###x_SDXC
table,46,tables[MORPHO] ConocoPhillips_BPAmerica Capitalized_Included tray[COHYPO] dining_room[COHYPO] banquette[COHYPO] rapping_cappella sideboard[COHYPO] linen_tablecloth Tables[MORPHO]
bed,459,beds[MORPHO] couch[COHYPO] bassinette sofa[COHYPO] sleep[COHYPO] foldout_couch bunk_bed[HYPO] duvet[COHYPO] sleeping[COHYPO] driver_Gul_Janan
knew,458,thought know[SYN] wanted figured felt liked sanctuary_DellaBianca realized[HYPO] hadn'ta_clue sensed
thinking,452,Thinking[COHYPO] think[HYPO] dreaming[COHYPO] thought[SYN] talking[COHYPO] imagining ##'Yankees Woody_Allen_steamiest_WHAT mindset[COHYPO] Fred_Cederholm
days,45,weeks[COHYPO] months[COHYPO] hours[COHYPO] years[SYN] day[SYN] week[COHYPO] month[COHYPO] minutes[COHYPO] decades[COHYPO] fortnight[COHYPO]
called,45,dubbed[HYPO] termed[HYPO] calling Called[COHYPO] referred denounced described Calling calls derided
den,45,dens[MORPHO] Code_Bitte_übertragen_Sie Michael_Baden_BAH' lair[SYN] Levy_staring_listlessly rumpus_room[COHYPO] lairs[COHYPO] these_hedonistic_dens 1Bdrm_+ hibernating_bear
since,45,Since[MORPHO] Ever #### sincethe since#### been has inception last SINCE[MORPHO]
writing,425,write[SYN] Writing[COHYPO] written penning[SYN] composing[COHYPO] reading[COHYPO] Akkadian_wedge_script writting scribbling wrote
running,41,Running[COHYPO] ran run[SYN] runnning runing rushing[HYPO] Tauni_Vakapuna Warrick_Dunn_TJ_Duckett VJ_Floyd Evin_Groves
feet,406,ft[SYN] foot[SYN] ft. inches[COHYPO] meters[COHYPO] feet_tall ###feet centimeters[COHYPO] 6feet RICHLAND_CHAMBERS_RC
lot,403,lots[MORPHO] plenty[SYN] lotof alot some little[COHYPO] really definitely much[COHYPO] lotta
case,401,cases[MORPHO] habeas_corpus_proceeding Cases[MORPHO] prosecution[COHYPO] acquital Chanins recusal_motion trial[COHYPO] Judge_recuses_himself prosection
history,40,annals[COHYPO] lore[COHYPO] histories[MORPHO] storied darkest_eras history.The History[MORPHO] histroy female_ticketmate prehistory[COHYPO]
gotten,38,got getting get[SYN] gone received[HYPO] lately been gets figured gotton
words,379,phrases[COHYPO] phrase[SYN] Words[COHYPO] word[SYN] adjectives[COHYPO] uttered plate_umpire_Tony_Randozzo expletives[COHYPO] Mayor_Cirilo_Pena Tele_prompter
used,36,utilized using use[SYN] uses intended Used Using misused[HYPO] designed beused
soon,36,quickly Soon[MORPHO] shortly_thereafter eventually shortly[SYN] sometime sooner immediately imminently swiftly
instead,35,rather[SYN] Instead[MORPHO] Rather merely while simply thereby Or mindlessly preferring
chance,35,opportunity[SYN] chances[MORPHO] opporunity oppurtunity hope[COHYPO] opportunty achance oportunity oppportunity oppourtunity
women,345,men[COHYPO] Women[COHYPO] womens[COHYPO] girls[HYPO] females[COHYPO] mothers[COHYPO] ladies[HYPO] husbands[COHYPO] transwomen Men[COHYPO]
young,343,By_Yoon_Ja By_Soh_Ji teenage younger[MORPHO] teenaged impressionable horribly_horribly_deranged youth[SYN] neglected_clearcut Chung_Ah
comments,340,remarks[COHYPO] Comments[COHYPO] remark[SYN] comment[SYN] coments commments ⋅_Oct Women_eNews_welcomes statements[COHYPO] ⋅_Sep
system,33,systems[MORPHO] sytem sys_tem System[MORPHO] mechanism[COHYPO] sysem systen system.The sytems computerized
calls,33,call[SYN] Calls[COHYPO] calling[COHYPO] requests[COHYPO] phone[SYN] called callers[COHYPO] phonecalls voicemail[COHYPO] text_messages
blood,329,Blood[MORPHO] splattering_tombstones urine[COHYPO] Alcohol_Concentration_BAC bloods[MORPHO] blood_platelets[COHYPO] With_darkly_mascaraed plasma_transfusions dazed_Keheley Zapping_nerves_helps
every,32,Every[MORPHO] each EVERY[MORPHO] Each this evey another everybody everyone entire
later,31,after[SYN] before earlier ago shortly_thereafter shortly_afterwards subsequently[SYN] Later eventually next
minutes,308,mintues minute[SYN] seconds[COHYPO] ##minutes hours[COHYPO] hour[SYN] minuets[COHYPO] mintes min_utes minuts
bar,307,Bar[MORPHO] bars[MORPHO] tavern[COHYPO] pub[COHYPO] nightspot[COHYPO] nightclub[COHYPO] Pub[COHYPO] bartender[COHYPO] restaurant[COHYPO] Lounge[COHYPO]
basically,300,essentially[SYN] Basically[MORPHO] totally whole just Essentially kind really kinda literally
lives,29,life[SYN] living[SYN] Miyuki_Kanno lived livelihoods[COHYPO] Permanent_Brachytherapy_Implants families[COHYPO] chanting_Neda Rini_Paiva_spokeswoman existences[COHYPO]
type,29,kind[COHYPO] types[MORPHO] sort[COHYPO] particular[COHYPO] characteristics[COHYPO] vindictiveness_Osborne Type[MORPHO] typical Argus_Observer_furnishes Dave_Chapelle_skit
forgot,285,forgetting forgets forget[SYN] forgotten didn'tI Should_auld_acquaintance didn't conveniently_forgot remember[ANTO] Ooops_sorry
national,28,regional international[ANTO] natonal nation[COHYPO] Maiolo_Swiss_Italian nationwide country[COHYPO] local[ANTO] na_tional nat'l
attention,28,Attention[MORPHO] undivided_attention attentions[MORPHO] atten_tion atttention spotlight[COHYPO] notoriety[COHYPO] acclaim[COHYPO] ire[COHYPO] atention
starting,27,beginning[COHYPO] start[SYN] Starting[COHYPO] started starts[COHYPO] begin[SYN] going[COHYPO] begins word_TIPSUD coming[COHYPO]
seen,26,witnessed shown noticed[COHYPO] saw viewed see[SYN] seeing glimpsed[HYPO] Seen[COHYPO] watched
late,26,early[ANTO] mid Late[MORPHO] After_inventing_microarray primetime_daytime CMEA_invests Early sometime after last
grade,257,grades[MORPHO] eighth_grade graders[COHYPO] eighth_graders grader[COHYPO] twelfth_grade 8th_graders Grade[MORPHO] sixth_graders eigth_graders
meeting,254,meetings[COHYPO] meeeting Meeting[COHYPO] meeing Meetings[COHYPO] worksession roundtable[COHYPO] briefing[COHYPO] conference[HYPO] forum[HYPO]
said,252,says explained siad noted[HYPO] stressed told[COHYPO] added adding remarked[HYPO] acknowledged
simply,252,merely[SYN] either anyway actually not rather instead essentially necessarily plainly[SYN]
written,250,penned[COHYPO] writing write[SYN] wrote[COHYPO] Written[COHYPO] writen read authored[HYPO] rewritten handwritten
voice,248,voices[MORPHO] noticeably_hoarse Voice[MORPHO] raspy_whisper thin_reedy Streisand_fretted genial_manner sounded_tinny quavered mellow_baritone
birthday,244,##st_birthday birthdays[MORPHO] Birthday[MORPHO] wedding_anniversary[COHYPO] birthday_bash birthday_celebrations brithday b'day bday anniversary[COHYPO]
space,238,spaces[MORPHO] music_concept_ShockHound Shuttle_docks Space[MORPHO] Soviet_Union_Yuri_Gagarin Shuttle_Discovery_blasts Shuttle_Discovery_docks Shuttle_Endeavour_undocks Shuttle_Discovery_arrives Shuttle_undocks
outside,23,inside[ANTO] Outside[MORPHO] where ouside outisde front[COHYPO] in[COHYPO] nearby near oustide
everyone,228,everybody Everyone[MORPHO] Everybody nobody anyone everything anybody everbody eveyone EVERYONE[MORPHO]
earth,225,Earth[MORPHO] planet meek_inheriting earths[MORPHO] cosmos mankind mega_vertebrate shepherded_Tolkien_Middle ERDAS_creates Martian_surface
window,224,windows[MORPHO] door[COHYPO] window_pane[COHYPO] doorway[COHYPO] windshield[COHYPO] sliding_glass glass_pane doors[COHYPO] skylight[HYPO] shootdown_presumably
share,224,Share[MORPHO] ashare worth_###.###mln_rub shares[MORPHO] pershare cents[COHYPO] sahre Including_discontinued_operations worth_##.###bn_rub #.##_perdiluted
mind,22,minds[MORPHO] concentration_Petruzziello em_comin thinking[COHYPO] eyes[COHYPO] Simple_Keb_Mo subconscious_mind[HYPO] mindset[COHYPO] Boggles stage_Yusafzai
night,219,evening[PARTOF] afternoon[COHYPO] nights[MORPHO] Saturday[COHYPO] morning[COHYPO] tonight[COHYPO] Sunday[COHYPO] weekend[COHYPO] Friday[COHYPO] wee_hours
talked,215,spoke talking talk[SYN] chatted[HYPO] spoken[COHYPO] discussed[COHYPO] inquired[COHYPO] Talked[COHYPO] reminisced discussing[COHYPO]
bad,211,good[ANTO] terrible[SYN] horrible[SYN] Bad[MORPHO] lousy crummy horrid awful dreadful horrendous
touch,20,touches[MORPHO] Wesley_Matthews_regaining HP_TouchSmart_###t_redefines Sculptor_Susan_Bahary MicroTouch_brand bargepole touching[MORPHO] Gerald_Cardinale_Goldman_Sachs womenintechnology_recruitment_services sensitive_optical_trackpad
form,2,forms[MORPHO] shape[SYN]
better,199,stronger quicker smarter worse[ANTO] good[SYN] happier nicer easier harder faster
away,19,out[SYN] off[SYN] apart down back into awayfrom aways in. up
ran,184,went raced[COHYPO] sprinted[HYPO] drove running walked[COHYPO] sped[COHYPO] scampered[HYPO] darted[COHYPO] rode[COHYPO]
entire,18,whole[COHYPO] rest[COHYPO] ENTIRE[MORPHO] Entire[MORPHO] every the throughout Smoking_bathes every_facet entirety[COHYPO]
currently,18,presently[SYN] Currently[MORPHO] Presently curently now currenty currrently still already currenly
possible,18,humanly_possible practicable potential[SYN] feasible possibly Possible[MORPHO] possibile necessary[COHYPO] possibility[COHYPO] probable[COHYPO]
heart,179,hearts[MORPHO] Heart[MORPHO] heartbeat[COHYPO] congestive_heart_failure[COHYPO] cardiac myocardial_infraction coronary_artery_clots lion_Frese empowers_CSPs coronary[COHYPO]
service,169,services[MORPHO] ser_vice sevice servce serivce service.The Service[MORPHO] sevices servies servic
absolutely,165,Absolutely[MORPHO] utterly[SYN] totally absolutley quite_frankly frankly absoutely truly absolutly really
social,160,Social[MORPHO] societal[SYN] Carmeta_Albarus_Lindo socio media_optimization_SMO cultural fetid_stench_overwhelms social_networking owns_http://www.mywallst.net_financial socio_economic
turns,159,turn[SYN] morphs turned turning[SYN] disappears pulls[COHYPO] transforms goes[COHYPO] Turns[COHYPO] carves
green,155,wearin_o greener[MORPHO] workers_differently_Corenthal QEII_TJ_Marta red[COHYPO] Leyritz_Ford_Expedition greening[MORPHO] Pentwater_Civic Kimmie_Mi_Hyun_Kim eco_friendly
listening,154,listen[SYN] Listening[COHYPO] listened freqs fans_scream_BRUUUCE WALTHAM_Mass._Doc_Rivers listens hear[SYN] Sleigh_bells_ring saying_Stamness
age,154,aged[MORPHO] ages[MORPHO] Routine_Paps_should age## older younger yearsold BPH_afflicts_approximately Duipmans delaying_childbearing
heard,151,hear[SYN] listened[COHYPO] hears[COHYPO] heared[COHYPO] twisted_insensible_things spoken uttered Chiddy_Bang_maybe overheard[HYPO] sounded
nothing,151,anything Nothing[MORPHO] something everything nobody[COHYPO] no[COHYPO] anybody NOTHING[MORPHO] never certainly
anyone,149,anybody someone Anybody nobody everyone anything Anyone[MORPHO] Nobody somebody ANYONE[MORPHO]
president,146,President[MORPHO] chairman[SYN] vice_president[COHYPO] chief_executive[COHYPO] CEO[COHYPO] pesident Vice_President[COHYPO] executive[COHYPO] prez Presdient
reality,143,Reality[MORPHO] realities[MORPHO] Emblematic_examples Jaap_Amesz_Dutch Germany_Dieter_Wiefelspuetz raj_.........._i saucier_Miracle_Jones Pennsylvania_prophetic_rodent Wife_Swap_Larimer Octo_mum
final,142,Final[MORPHO] penultimate[COHYPO] fi_nal second[COHYPO] first[COHYPO] fourth[COHYPO] finals[MORPHO] thefinal semi_final third[COHYPO]
seriously,14,serious lightly dim_view utmost_seriousness seri_ously gravely[SYN] serioulsy seriousness badly[SYN] critically
knowing,139,Knowing[COHYPO] know[HYPO] knew believing[COHYPO] realizing having feel[HYPO] feeling[COHYPO] imagine guess[COHYPO]
