word,number neighbors,closer words
like,500,really weird crazy kind maybe loooove anymore Kinda_reminds definitely kinda_fishy
one,55,only two three five four One another most seven six
get,291,getting got gets gotten Getting go come give bring toget
know,500,tell think do understand guess tomorrow_Camardelle knew don'tknow say Nobody_cares
time,21,day moment days period periods when times weeks hours months
really,500,obviously definitely think pretty Really kinda just kind everybody so
would,106,could might will should did 'd Would may wanted Should
go,118,come goes gone going get went do sit stay Going
think,500,know guess suppose really thought obviously maybe probably believe definitely
got,500,get gotten getting gets came gave gotto gotta went had
well,28,as poorly nicely excellently decently good reasonably far much such
good,500,great bad terrific decent nice excellent fantastic better solid lousy
people,277,peole poeple individuals folks peple peo_ple peope citizens Americans People
going,500,gonna coming 'll goingto want do go gotta really ROGER_FEDERER_Yeah
back,37,out down off then again into away Back backto onto
day,58,week days morning month hours afternoon hour weekend evening time
see,180,seeing look know think tell find watch expect imagine realize
much,58,little far lot Much even actually than bit what considerably
could,110,would might may can should will conceivably did Could possibly
today,70,tomorrow yesterday Thursday Wednesday Monday Tuesday Friday Today Wednesay tommorrow
want,500,do wanted need can wanting prefer wanna wants wantto going
love,500,loved adore loves passion hate loving Ilove affection undying_love absolutely_adore
went,137,came ran gone drove walked took flew stayed go proceeded
even,314,though actually if anyway perhaps so Even probably but maybe
last,67,earlier Last ago previous first after next past this later
way,43,ways how thing things path everything going someway it manner
still,70,now though remains remain stil but although yet nonetheless currently
say,156,believe argue know tell insist think speculate presume suggest remain_unconvinced
things,500,thing stuff something Things everything really thigns ways think what
new,25,revamped thenew newest newly revamps newer brand_spanking existing long_awaited groundbreaking
work,33,working works worked Work towork job Working labors roofers_painters dry_walling
something,500,anything nothing Something what things really thing somebody it everything
life,52,lives chiseled_burnished_refined Interaction_enriches_your Shanda_Interaction_enriches Life Fayaz_Wani_reports lifestyle joys_sorrows humdrum_existence earthly_existence
right,152,Right wrong ##.Help_us Goodwill_Catanese left fielder_Joe_Borchard NOTE_Xactly_Incent fielder_Ambiorix_Concepcion now fielder_Jeromy_Burnitz
make,30,making made makes Making Make tomake get give makea Makes
first,63,second third fourth fifth sixth seventh thefirst last eighth final
us,238,me them ourselves we our everybody really him you somebody
little,278,bit much wee_bit litte everything'sa lot maybe tad litle smidgen
night,219,evening afternoon nights Saturday morning tonight Sunday weekend Friday wee_hours
thing,500,things something stuff really think Really sounds_trite aspect reason kind
said,252,says explained siad noted stressed told added adding remarked acknowledged
never,349,not nobody rarely seldom anything once always Never 've none
also,26,additionally meanwhile however already that initially likewise previously added which
feel,457,feeling felt feels think know really Feeling Cinder_fella sense feeing
around,28,across Around aound aroudn aroud over throughout down upwards out
home,40,house Superfast_WiFi homes Home residence bedroom apartment Casa_Del_Lago lakehouse lakefront_cottage
need,172,needed want needs must needing can should do needto necessary
take,36,taking took takes taken Taking give Take totake go hold
ca,500,wo #_xfffd adobe_photoshop os microsoft quickbooks windows_xp photoshop nt ce
two,101,three four five six seven eight nine several Two couple
oh,500,Oh hey uh Uh Ahh gawd ohhh Ah Ugh Gawd
come,54,coming go bring came get brought gone happen put comes
great,254,terrific fantastic tremendous wonderful good incredible marvelous phenomenal amazing awesome
made,10,making make Making makes Make Makes came mde Made madea
though,118,although but however even nonetheless nevertheless if still anyway only
school,500,elementary schools shool elementary_schools kindergarten eighth_grade School teacher students classroom
long,22,short Long longer MSIM_strives lengthy longest shorter commercialize_duloxetine_hydrochloride Pattern_Trapper_ADVANCED_Short LONG
always,500,definitely really obviously certainly never everybody whenever something sometimes everyone
better,199,stronger quicker smarter worse good happier nicer easier harder faster
ever,72,EVER never arguably imagined 've even NY1_Gear_Shop Ever anything since
let,500,letting Let do want lets E_mail_heyjen@phillynews.com allow try dare Letting
since,45,Since Ever #### sincethe since#### been has inception last SINCE
next,39,Next last sometime later tomorrow final thenext 'll upcoming will
fun,500,enjoyable funner_Halladay Fun funny entertaining funnest funner Good_luck_godspeed earlier_Delonas_cartoon drive_Aerio_sedan
maybe,500,probably Maybe yeah suppose hey guess think Chiddy_Bang_maybe just 'd
another,30,Another this one anther an aa next every the possibly
na,500,ni si nga sa Wala_silang ay ka na_nga rito ka_na
friends,500,acquaintances friend buddies pals relatives girlfriends family grandparents_aunts_uncles_cousins freinds acquaintences
thought,500,knew think figured felt guess probably believed thinking maybe looked
im,500,Im i lol hes haha i_dont i_wouldnt i_cant lyk thats
look,45,looks looking Look looked see Looking glance peek consider gander
many,93,several numerous some countless dozens few multitude handful myriad those
week,73,month weekend weeks year day summer fortnight days morning week.The
bad,211,good terrible horrible Bad lousy crummy horrid awful dreadful horrendous
actually,500,anyway even really just probably so it maybe if suppose
year,53,month week months decade years summer year.The September weeks season
pretty,500,pretty_darn very awfully quite fairly pretty_darned unbelievably really incredibly Pretty
find,78,discover finding Finding found tofind fi_nd locate uncover see stumble_upon
someone,483,somebody anyone Someone somebody_else somone anybody person Anybody Somebody guy
lot,403,lots plenty lotof alot some little really definitely much lotta
sure,385,know glad aware think necessary_Blawn guess okay Ziad_Munson Buster_Posey_Whiteside happy
world,65,globe theworld country continent worldâ_€_™ nation global worldwide United_States globally
days,45,weeks months hours years day week month minutes decades fortnight
blog,500,Blog blogs blogger blogsite Weblog Visit_Sandy_Bauers blogging http://go.philly.com/greenspace Blogger Twitter
emoji,500,Emoji autocorrect_feature touchscreen_keyboard AwesomeBar Safari_Browser custom_UIs swype smilies autocorrect SBSettings
getting,59,get got Getting gotten gets geting gettting gettin having going
god,500,gods deity God diety goddess deities lord god_Zeus Almighty Gods
man,500,woman boy teenager teenage_girl girl suspected_purse_snatcher robber Robbery_suspect teen_ager men
tell,500,know telling tells ask Tell say Telling see remind explain
house,442,houses bungalow apartment bedroom townhouse residence mansion farmhouse duplex appartment
away,19,out off apart down back into awayfrom aways in. up
stuff,500,Pretty_classless things crap thing really shit guys kinda Indeed_Rakieten something
everyone,228,everybody Everyone Everybody nobody anyone everything anybody everbody eveyone EVERYONE
every,32,Every each EVERY Each this evey another everybody everyone entire
came,112,went brought come drew got took sprang gave ran saw
best,109,finest worst greatest strongest smartest easiest good thebest quickest healthiest
anything,500,nothing anybody something anyone not Nothing everything any Anything never
nothing,151,anything Nothing something everything nobody no anybody NOTHING never certainly
may,50,might could should can will would must likely Should Could
years,74,decades months decade weeks days yeas years.The year ##years seasons
read,500,reading reread reads write Reread handwrite written read_aloud http://www.jpost.com_servlet_Satellite visit_www.sj-r.com/bakke
guess,500,suppose think yeah maybe probably pioneer_LaLanne anyway know hey Yeah
nice,500,good lovely neat fantastic wonderful terrific great awesome nicer decent
old,313,yearold boy 0ld daughter son Dog_mauls girl daughter_Kylah olds Zahara_adopted
put,52,putting puts Putting Put placed pull bring brought pushed come
anyway,500,anyhow anyways probably actually fighters_overran_Kibumba guess not hey if so
place,9,palce places spot placein sole_possession placed sole_possesion finish sole_posession
yeah,500,Yeah hey kinda geez maybe Oh_yeah Oh_yeah_yeah Yeah_yeah guess dunno
hope,74,hoping hopeful sincerely_hope hopefully hopes Hopefully hoped believe wish chance
left,108,leaving leave leaves returned right departed limped went remaining empty
happy,500,glad pleased ecstatic overjoyed thrilled satisfied proud delighted disappointed excited
told,142,tells said quoted telling toldThe toldthe confided explained tolds spoke
big,68,huge bigger biggest major gigantic HUGE large humongous Huge great
u,500,ur u_dont b4_u lol some1 u_hav ppl jst u've u'll
friend,500,pal friends buddy dear_friend acquaintance cousin girlfriend colleague uncle roommate
everything,289,Everything everybody everyone anything nothing whatever something things everthing what
give,61,giving gave Give gives provide given Giving take get togive
end,10,ending ends beginning ended theend endof midpoint start prolong mid
guy,500,dude kid guys somebody fella he'sa kidder bloke guy'sa Mike'sa
mean,313,means imply equate necessarily necessitate entail bode_well portend do anyway
morning,283,afternoon evening moring midday night afteroon Friday Monday midmorning day
done,74,doing do accomplished undertaken Doing happened gone performed Basketball_betting.com handled
person,58,someone persons woman somebody peson man people anyone guy Someone
enough,68,sufficient enought too sufficiently not able so needed could did
talk,156,talking talked speak Talk discuss discussing tell brag complain blab
yes,500,mso_style_qformat Yes mso_style_noshow resounding_YES emerge_victorious_Inouye yeah resounding_NO Well_duh Uh Oh_yes
post,34,posts www.pressbanner.com Katrice_Rachal_Thanks balmy_breezy_afternoon Trackback_URL disabled_pinging Wazen_Dhehiba_border mineral_diorite_porphyry e_mail_editorNTL@gannetthg.com tips_+_adam@lifehacker.com
keep,46,kept keeping keeps stay Keeping Keep maintain Kept remain tokeep
probably,500,maybe anyway guess certainly definitely think Probably suppose obviously thought
call,500,Call calls calling dial_#-###-### visit_www.clairmail.com visit_www.oscars.org See_www.thewerehouse.com Charlene_Pellin_answered information_visit_http://www.tempurpedic.com calll
might,157,may could would should Might possibly Could perhaps probably Would
yet,56,not already but though although still nor have indeed never
whole,63,entire basically really rest everybody silly_Billen just quite_frankly this forgive_adultery
bit,500,little wee_bit tad litle_bit maybe somewhat kinda teeny_bit litte definitely
started,59,began begun begain start stopped begin resumed went progressed Started
times,20,twice occasions days years occassions time past periods hours quarters
cool,218,Cool cooler coolest coolness toasty warm hi_dev_ur hot cooled cools
else,500,anybody anything anyone never_recriminated somebody_else car_Borihanh nobody PRESIDENT_OBAMA_Hello anyone_De_Salis political_gundas
found,46,discovered find uncovered finding finds stumbled_upon unearthed discoverd searched showed
wanted,215,want tried knew did wants wanting liked decided wished hoped
least,15,Piedra_Blanca_emergency one only leas nearly minimum roughly five leat Only
took,53,taking take taken takes gave Taking went came Took retook
movie,500,film movies films moive Movie horror_flick sequel Guy_Ritchie_Revolver romantic_comedy flick
dont,500,cant i_dont wont thats wouldnt i_cant dosent u_cant beleave does'nt
show,93,shows showing Show showed shown demonstrate Shows THE_SINGING_BEE PBS_Soundstage Jimmy_Kimmell
ok,500,okay alright OK lol anyways hey Ok allright thats yeah
try,160,trying tried tries want hoping Trying attempt regroup_refocus attempting let
later,31,after before earlier ago shortly_thereafter shortly_afterwards subsequently Later eventually next
trying,134,attempting tried Trying try tryingto hoping striving endeavoring tyring Attempting
called,45,dubbed termed calling Called referred denounced described Calling calls derided
part,19,integral_part element component centerpiece aspect facet integral_component cornerstone linchpin outgrowth
start,26,begin started starting starts beginning Start finish began commence resume
hard,43,harder Hard tough difficult hardest frustrating easy good really virtually_impossible
tomorrow,250,tonight tommorow tommorrow tomorow tomorrrow today Tomorrow Saturday Friday Sunday
looking,67,look searching hoping trying Looking eyeing aiming seeing striving eying
help,53,helping helps Help tohelp assist helped Helping enable try needed
anyone,149,anybody someone Anybody nobody everyone anything Anyone Nobody somebody ANYONE
gon,500,cyaan neva mi_nuh waan dat haffi ya finna dem_nuh weh_mi
kind,500,sort really type itchy_Sakleh something basically shocked_Leskoven definitely Ben_Hur_proportions confusion_Saljic
name,113,names surname moniker Trajche_Shoposki monikers nickname forename pseudonym monicker Name
mom,500,Mom dad mother grandma mommy daddy moms Dad daughter mama
quite,500,very pretty fairly incredibly so terribly exceedingly Quite awfully extremely
saw,73,noticed witnessed seeing looked came watched seen showed went see
course,150,courses Course Innisbrook_Copperhead Meadow_Valleys USATF_certified Safriya Maui_Kapalua_Plantation Fazio_Canyons emetogenic_cancer Courses
without,31,Without sans witout before no withouth prevented whatsoever w_o incapable
job,51,jobs Job BrokeAss_Blog_Need work daunting_Platoni employment monster.com thankless_job rsum temping
must,62,should can ought will need may MUST shall required could
mind,22,minds concentration_Petruzziello em_comin thinking eyes Simple_Keb_Mo subconscious_mind mindset Boggles stage_Yusafzai
head,22,heads Head director assistant deputy chief chair Youssef_Kanjo arm vice_president
finally,52,FINALLY belatedly eventually again fi_nally once then before when soon
remember,454,forget remembering remembered vividly_remember know recollect remembers remind tell reminded
makes,155,Makes make making gives becomes renders Making made creates is
yesterday,100,Yesterday Monday Wednesday Thursday Tuesday Friday yesteday today yeterday morning
hours,129,days hour minutes weeks day months ##minutes o'clock ##hours #/#-hours
play,278,playing plays played game toplay Playing games paly score Play
believe,126,say think argue presume convinced believing beleive belive surmise know
use,58,using utilize used uses Use usage Using Utilize utilizing utilized
hate,500,despise Hate detest hatred hating hates HATE dislike love hated
car,500,vehicle cars SUV minivan truck Car Ford_Focus Honda_Civic Jeep pickup_truck
already,32,Already been have now yet recently also has previously currently
girl,500,boy teenage_girl woman teenager schoolgirl teenaged_girl daughter mother toddler girls
guys,500,fellas guy Guys crooks_sociopaths dudes QUOTE_TO_NOTE chase_broads really Namely_How'd_these COACH_PHILLIPS
point,30,points pointers mispronounced_McNamee_name juncture makeable_shots Prucnell_stops pointer threepoint arc freethrow_line
lol,500,haha cuz lmao hahahaha hahah thats tho hahaha lmfao LMAO
weekend,81,week summer Saturday weeked Labor_Day Weekend night Sunday afternoon weekened
thinking,452,Thinking think dreaming thought talking imagining ##'Yankees Woody_Allen_steamiest_WHAT mindset Fred_Cederholm
room,330,rooms upstairs hallway downstairs dining_room bathroom kitchenette jacuzzi_tub basement lounge
used,36,utilized using use uses intended Used Using misused designed beused
family,406,relatives familiy families siblings friends mother fam_ily famiy famliy aunt
game,500,games play match matchup agame ballgame thegame opener matches tournament
live,85,living Live reside GoFightLive.tv lived score_preview_recaps cherish_el_Gamal www.spss.com_invest Optionetics_Inc Merapi_fertile_slopes
money,164,monies funds moneys dollars cash vast_sums fund Money taxpayer_dollars Monies
talking,395,talk talked discussing thinking bragging chatting telling talkin conversing fantasizing
music,500,classical_music jazz Music Without_Donny_Kirshner songs musicians tunes musical Logue_typed musics
funny,500,hilarious humorous hilariously_funny amusing found_loophole_Conk goofy comical witty funniest freaking_hilarious
almost,26,nearly practically virtually Almost roughly seemingly Virtually just Nearly every
sleep,415,sleeping restful_sleep restorative_sleep slept nap wakings naps fitful_sleep Sleep doze
tonight,500,Tonight tomorrow tonights night Saturday Tonights tongiht tomorrrow tommorow Antonio_Santino_emailed
feeling,229,feel felt feels Feeling feeing feelings Well_how're Clarisse_Que mood sense
three,145,four five two six seven eight nine eleven several ten
book,500,tome books memoir paperback_edition autobiography memoirs Book paperback novels hardback
class,38,classes classs Faithfully_Fit_exercise Class Ramla_mixed grade middle IKON_integrates runic_setup_signifies royalists_wealthy
real,69,genuine great really actual everything'sa actually kind true Therein_lays definite
far,14,much farther so well yet just Far none many furthest
n,500,* l o ‰ Connect_io round_tha_wrld Councilman_Richard_Alarc Doesnâ_€_™ ï w
decided,93,opted chose persuaded agreed wanted decides instructed decide felt_compelled refused
seems,148,appears seemed seem Seems looks is feels Is proves seemingly
says,200,said thinks explains concedes believes acknowledges argues explained asserts warns
fact,42,actuality actually retrospect that assertion protestations statistic indeed why though
watch,74,watching watched Watching watches see watchin I'ma_Trekkie Today_GoldmanResearchGroup.com_announces TiVo'd glued
write,97,writing read Write written handwrite publish reread scribble Geno_Excellent compose
care,271,Care caring cared maintenance_Aurum_Mine hospice_palliative Care_Nurse_Practitioners homecare health_care palliative_care CareScout_helps
able,95,unable ableto trying can allowed managed enough ability could going
soon,36,quickly Soon shortly_thereafter eventually shortly sometime sooner immediately imminently swiftly
stop,34,stopped stopping stops Stop halt prevent Stopping cease dissuade deter
different,114,Different diff_erent differing dif_ferent differ_ent diferent varying differently diffferent divergent
leave,48,leaving stay depart Leaving left leaves return vacate quit rejoin
working,41,worked work Working collaborating works toiling worked_diligently trying striving doing
wait,115,waiting waited waits wait_patiently Wait ash_cloud_dissipates wait_til waiting_patiently Waiting direction_Ditcharo
together,39,gether togther cohesively cohesive Together togehter harmoniously disparate delicately_balanced_Lieberman disparate_strands
wo,500,ca microsoft adobe_photoshop os #_xfffd buy_microsoft gui windows_xp quickbooks ui
shit,500,sh_*_t crap fucking sh_t fuckin sh_** fuck f_*_cking y'know shyt
past,38,over recent Over thepast last ago previous p_ast years that've
coming,56,come going Coming heading came getting go comin next bringing
hell,500,heck Hell landing_Kolodjay Crousser shit fucking_shit freakin f_***_ing he## fucking
song,500,songs lyrics lyric ballad anthem tunes album ditty melody haunting_ballad
sometimes,254,often oftentimes usually occasionally Sometimes Often frequently typically rarely invariably
wrong,265,dreadfully_wrong correct horribly_wrong Wrong incorrect right stupid amiss WRONG disastrously_wrong
felt,92,feel feeling feels thought knew sensed seemed looked Feeling really_brainwashed_Geier
ask,500,asking asked asks tell Ask know questons SCHIEFFER_Let Asking e_mail_webeditor@sfnewmexican.com
making,18,made make Making makes Make becoming makin getting mak_ing putting
reason,52,reasons why justification excuse motivating_factor explanation rationale thing because motivation
reading,179,read writing reading_aloud reread Schlichenmeyer rereading readings Kindle_Karimian reads reading_comprehension
wish,193,wished wishing wishes want wanted hope DTT_NET.COM_editor@dtt-net.com sincerely_hope Merry_Christmas_Happy desire
seen,26,witnessed shown noticed saw viewed see seeing glimpsed Seen watched
change,80,changes changing changed alter shift Changing Change seismic_shift Changes altering
asked,152,ask asking asks queried Asked requested inquired wondered instructed refused
damn,500,darn goddamn freakin fucking dang darned damned friggin shit dammit
story,276,stories tale Associated_PressComment fable tales retelling narrative Story backstory harrowing_tale
free,30,Free Six_Flags_website_http://www.sixflags.com FREE nominal_fee therapy_systems_NFITS restricted complimentary afree www.dickmorris.com ###-####_artmuseumgr.org
high,20,low High higher highest ahigh lower Low HIGH lowest elevated
idea,42,concept notion suggestion ideas theory thought notions proposition proposal thing
dad,500,Dad father grandpa daddy mom stepdad son granddad uncle brother
couple,66,few two several three four pair five six some acouple
minutes,308,mintues minute seconds ##minutes hours hour minuets mintes min_utes minuts
hey,500,c'mon yeah Hey oh_yeah y'know freakin dammit geez Okay oh
ago,29,last later earlier yearsago after past years ago.The Within agao
bed,459,beds couch bassinette sofa sleep foldout_couch bunk_bed duvet sleeping driver_Gul_Janan
stupid,500,dumb silly idiotic foolish ridiculous Stupid_stupid dumb_dumb moronic idiots childish_immature
interesting,243,intriguing fascinating exciting Interesting intersting instructive intruiging amusing enlightening curious
heart,179,hearts Heart heartbeat congestive_heart_failure cardiac myocardial_infraction coronary_artery_clots lion_Frese empowers_CSPs coronary
news,177,Latest_Tanker_Operator MCOT_online Pete_Tenney_KTEN valfen@di-ve.com press Charmaine_Chetcuti_di_ve News Ruben_Cassar_di_ve media Visit_FinanceVisor
kids,500,children kid parents youngsters Kids teenagers grandkids middle_schoolers teens kiddos
miss,86,missed misses SOA_Web_#.#/AJAX Missed roomy_Derek_Boogaard terribly_Shecket skip lose disappoint forget
face,15,faces faced facing Facing confront Face confronting Mother_Nature_Gino_Izzi Rutter_wrenched pose
party,500,Party parties partys Democratic_Party LOUDON_NH_Brad_Keselowski caucus pary faction mad_hatter_tea Labour_Party
sorry,500,deeply_sorry ashamed apologize Sorry sad regretful glad embarassed apologizing embarrassed
either,102,or not any simply No_Snoopy_bedsheets if neither unless anyway e_mail_palitem@richmond.gannett.com
half,203,quarter quarters midway_through midway_throught fourths firsthalf ##/#-minute_span minutes substituting_liberally quater
lost,70,losing lose regained loses loosing gained dropped loss won regain
phone,500,telephone cell_phone cellphone Phone phones landline voicemail caller_id RingCentral_cloud_computing telephones
run,183,runs running drive ran scamper tworun_double go twoout walk Mark_Grudzielanek_singled
okay,500,alright ok OK yeah allright hey say_Hey_feller anyway anyways maybe
food,500,foods Food foodstuffs meals food_stuffs nourishing_meals foodstuff staple_foods nutritious meal
please,500,Please DMSP_Information www.nasdaq.com_GlobalSelect beaufortgazette.com see_http://www.fujitsu.com/ www.mitx.org Brownstone_website_www.brownstoneventures.com see_www.merial.com PLEASE Company_website_www.trinitybiotech.com
hear,159,heard hears listen listened tell Hear listening see spoons_clanking Wah_wah_wah
comes,198,goes takes brings gets happens puts came arrives there'sa begins
side,27,sides Sartin_underwent_mastectomy Mayra_Valle_rushed flank corner opposite front euromoney.com Posh_rushes flanks
tired,347,fatigued weary bored Tired tiring frustrated irritated annoyed antsy tiresome
friday,500,monday tuesday saturday thursday sunday wednesday fridays feb july tommorow
happened,198,transpired happed occurred happening occured happend happen happpened happned happens
goes,273,comes gets pushes go happens takes puts pulls gone sneaks
saying,80,telling stating suggesting insisting implying arguing said say asserting claiming
second,172,third fourth fifth first sixth seventh eighth ninth fouth eleventh
summer,80,spring winter summertime summers autumn weekend week Summer springtime month
however,71,though although nevertheless nonetheless that meanwhile also but only not
rest,12,remainder entire whole Goeres_sued alerts_BEFORE recuperate Crikey_Army the just back
cause,67,causes caused causing contributing_factor Cause casued Causing casue culprit contributory_factor
words,379,phrases phrase Words word adjectives uttered plate_umpire_Tony_Randozzo expletives Mayor_Cirilo_Pena Tele_prompter
thats,500,Thats dont i_dont whats lol ..... cant wouldnt haha hes
eyes,224,eye Wretched_mortals_open ears gaze Eyes beady_eyes lips cheeks eyelids pupils_dilated
weeks,42,months days week years month hours fortnight decades Months weeks.The
haha,500,lol hahaha lmao cuz hahahaha hahah im_gonna Hahaha hehe thats
knew,458,thought know wanted figured felt liked sanctuary_DellaBianca realized hadn'ta_clue sensed
hour,92,hours minutes minute ##/#-hour hourlong ##minute ##minutes halfhour day #/#-hour
eat,500,eating ate eaten eats munch eat_healthfully eat_fatty_foods consume Nutritionists_recommend overeaten
gone,67,went go goes fallen come gotten done moved going disappeared
late,26,early mid Late After_inventing_microarray primetime_daytime CMEA_invests Early sometime after last
kinda,500,sorta yeah really hey kinda_weird y'know sooooo sooo Yeah soooo
set,12,setting sets Setting Set broke Sets Jilted_firefighter_set breaking pushed put
check,57,checking checks checked Checking recheck doublecheck Check VGGEN_often Charge_Issuing_worthless ABCActionNews.com
rather,48,instead Rather merely less simply more Instead than preferring infinitely
computer,500,computers laptop laptop_computer Computer com_puter technician_Leonard_Luchko mainframes_minicomputers laptop_computers PC maker_Dell_DELL.O
hot,92,Hot hottest hotter CHEFS_Chefs sizzling scorching teardrop_shaped_VTA cool briquette_iron heated
heard,151,hear listened hears heared twisted_insensible_things spoken uttered Chiddy_Bang_maybe overheard sounded
site,500,sites Site www.panasonic.com/3D website site.The web www.mphventurescorp.com location www.meau.com Visit_TMM
looks,79,look looked seems feels Looks sees appears resembles looking sounds
watching,100,watch watched Watching seeing watchin glued TiVo'd rewatching watches transfixed
stay,33,staying stayed stays keep remain Staying Stay leave go keeping
playing,172,play played Playing plays game playin games Played practicing player
true,99,truest truer truth sounds_trite Liyer_wish genuine C'est_Vrai_means Sounds_TOO LiquidViagra real
taking,30,take took Taking taken takes handing giving putting Take tak_ing
parents,500,grandparents Parents children siblings younger_siblings kids mother child daughters mothers
hand,20,hands Hand finger fingers Hands palm arm thumb fingertips ear
full,29,Full afull complete FULL PNC.C_PNC.C SCE.Q_SCE.Q NWS.A_NWS.A._NWS.A ERGY_ERGY GDSZF_GDSZF fuller
less,108,more than Less fewer rather most infinitely Oversulfated_condroitin_sulfate likelier LESS
others,22,those people other them Others bystanders Crilly_niece MIP_Peachtree_SalesLogix_Timberline HDNet_Movies_Sneak_Previews Lemmon_Bland
instead,35,rather Instead Rather merely while simply thereby Or mindlessly preferring
understand,416,comprehend explain know realize understood understands understanding recognize appreciate un_derstand
gave,41,give giving gives given took Gave got Give came Giving
buy,94,sell purchase buying bought buys Buy tobuy purchased Buying acquire
whatever,445,Whatever wherever everything whoever somebody_else whomever regardless whenever what somebody
means,92,mean implies necessitates entails presupposes equates boils_down requires preferable meaning
sad,480,saddening Sad saddened heartbreaking disheartening Meny_Friedman parishioner_Pat_Patello saddens_me distressing reminders_bobbing
hair,500,curly_hair tresses mane hairdo blonde_hair blond_hair gray_hair wavy_hair hairstyle blonde_locks
along,9,Along across paralleling alongside through onto beside flanking parallel
girls,500,boys Girls teenage_girls women girl teenagers kids ladies middle_schoolers schoolgirls
word,168,phrase words verb Word adjective cuss_word colloquialism noun astrology_#/##/## synonym
small,51,large tiny medium_sized Small smaller minuscule larger mid_sized midsized sizable
early,23,late Early mid Late sometime before earliest until eary ealy
fucking,500,fuckin fuck goddamn shit f_*_cking f_***_ing f_**_king friggin freakin fucked
dinner,500,dinners brunch Dinner supper luncheon banquet breakfast buffet_dinner meal lunch
seem,172,seems seemed appear necessarily seemingly certainly quite they're not admittedly
looked,79,seemed looks Looked look felt thought stared saw appeared sounded
writing,425,write Writing written penning composing reading Akkadian_wedge_script writting scribbling wrote
saturday,500,sunday friday monday thursday tuesday wednesday tommorow feb tonite saturdays
wan,500,zhe haggard na hee ho lank hoo tranh hu han
ass,500,butt azz shit asses dick hiney dude d_*_ck nads **_es
tried,127,attempted tried_unsuccessfully trying attempting try wanted attempt strove managed struggled
problem,135,problems dilemma prob_lem conundrum probem shortcoming Problem issue quandary trouble
group,33,groups organization =_rectangle goup Groups advocacy GROUP Ithmaar_banking Neturei_Karta_sect consortium
matter,53,mater matters issue mattter creatively_spelled question regardless Weather.com_handles Accomplishing_teamwork MARCIA_COYLE
thanks,26,Thanks THANKS courtesy thank benefitted kudos despite congrats benefited grateful
gets,247,receives get goes loses getting got recieves comes earns garners
moment,27,moments juncture TBO.com_Live time thing mo_ment fleeting_moments defining_moment something critical_juncture
turn,42,turning turned turns Turning pull Turn morph yank move transform
months,51,weeks years days month decades year hours week Months decade
close,12,closed closing closest closer toclose Close open closes between nearer
played,98,playing play Played plays Playing coached played_sparingly reffed starred competed
ya,500,eh whut cyaan heah cuz yah yer nuttin doan whatcha
crazy,500,mad insane weird bonkers ridiculous stupid crazier freaky freaking wacky
bush,500,bushes Saichi_deserted Unconfirmed_sightings mulga bushland near_Koure_Niger eucalypt_trees dense_bush bushman eucalypt_forest
walk,112,walking walks walked stroll Walking Walk wander jog saunter amble
spent,28,spend spends Spent Spend devotes expended wasted devoting devoted devote
move,31,moves moving push moved step Moving relocate go switch leap
sunday,500,saturday monday thursday friday tuesday sundays saturdays wednesday nite tonite
water,500,potable_water Water sewage groundwater Floridan_aquifer surficial_aquifer freshwater potable wastewater brackish_groundwater
top,64,Top topmost tops thetop top## upper_echelon highest No.1 No. fifth
open,16,opened closed opens opening reopen closes close 9am_5pm_Mon reopened ajar
front,32,beside rear outside inside Driv_Driver infront manual_recliners Motioning side palifosfamide_administered_intravenously
white,500,black blue brown colored wrote_Newitz gray whites browns_grays blues_grays grays_browns
wonder,232,wondering wondered wonders wondered_aloud wondering_aloud ponder know imagine fathom guess
baby,500,newborn babies infant newborn_baby toddler Asome_news child triplets Baby Rebecca_Bresnik_meanwhile
black,500,white Responded_Letterman_How blacks crypt_inscribed transporting_petrochemicals brown Shilah_Phillips women_dating_interracially wrote_Newitz blue
happen,395,happens occur happening happened tomorrow_Camardelle do hap_pen Jassim_Zeidan_al mourner_Nazakat_Soomro come
pm,500,noon 7p.m. ##a.m. #:##_p.m. 1p.m. 4p.m. pmon #:## 3p.m. 6p.m.
birthday,244,##st_birthday birthdays Birthday wedding_anniversary birthday_bash birthday_celebrations brithday b'day bday anniversary
met,64,meet visited meets crossed_paths meeting talked spoke lunched dined conversed
alone,7,annie##_leave_lindsay assigning_tiring Leave_Dudus Players_Gone_Amok Giovanditto_lived Osco_Drugstores just
fuck,500,fucking f_*_ck f_**_k shit fucked fuckin f_*** f_ck f_--- Fuck
knows,353,thinks understands realizes loves know wants cares hasn'ta_clue likes forgets
weird,500,strange freaky crazy kinda_weird surreal scary wierd funny creepy bizarre
watched,89,watching watch Watching Watched saw watched_intently gasped watches sat_transfixed transfixed
living,62,lived residing live lives Living squalid_overcrowded reside sleeping squalor resided
become,21,becoming became becomes Becoming beome Become becomming increasingly be growingly
outside,23,inside Outside where ouside outisde front in nearby near oustide
boy,500,girl teenager toddler teenage_girl man teen_ager son kid youngster stepfather
although,135,but though Although Though However however nevertheless Nevertheless But Admittedly
thank,208,sincerely_thank thanking Thank heartfelt_thanks thanked sincere_gratitude sincere_appreciation congratulate commend grateful
wants,191,decides intends refuses chooses agrees want seeks aspires wanted thinks
city,500,citys mayor town municipality municipal downtown thecity Mayor district county
talked,215,spoke talking talk chatted spoken discussed inquired Talked reminisced discussing
lunch,500,lunches meal breakfast Lunch dinner Michael_Auberry_vanished catered_lunch lunchtime buffet_lunch brunch
favorite,48,favorites fave Favorite Favourite favourtie faves favs Favorites best popular
hit,131,hitting hits struck knocked Hitting clobbered smashed smacked slammed Hit
men,80,women Men males mens boys man females teenagers girls ladies
anymore,500,not do anyway really racer_Papis Nobody_cares bother beloved_Ladan anybody anyways
woman,500,man girl teenage_girl teenager lady teenaged_girl mother policewoman boy Woman
break,15,breaks breaking broke broken Break Breaking breather shatter crack breaker
band,500,bands punk_band alt_rock_band indie_rock_band rockers guitarist drummer Band singer_guitarist punk_rock_band
awesome,500,amazing unbelievable fantastic incredible unbelieveable terrific wonderful great fabulous nice
ready,83,prepared primed preparing raring eager readying rarin willing poised readied
tv,500,TV Tv televison television teevee telly espn hbo nbc cbs
war,500,wars War invasion Persian_Gulf_War Vietnam_War Iraq unwinnable_quagmire un_winnable occupation conflict
especially,86,particularly Particularly Especially particulary doubly very extremely really particuarly always
cant,500,dont wont i_cant i_dont wouldnt couldnt thats u_cant dosnt whats
behind,9,behing Behind ahead beind atop inside away apart front
sitting,252,sat Sitting sit seated sits staring lounging standing slouched sittin
running,41,Running ran run runnning runing rushing Tauni_Vakapuna Warrick_Dunn_TJ_Duckett VJ_Floyd Evin_Groves
mother,500,daughter grandmother aunt niece father son sister wife stepmother granddaughter
month,62,week year months weeks August February October January day September
case,401,cases habeas_corpus_proceeding Cases prosecution acquital Chanins recusal_motion trial Judge_recuses_himself prosection
short,13,Short long shorter WEGENER_focuses shortest Pattern_Trapper_ADVANCED_Short shortterm Callidus_SPM_software term andlong
church,500,congregation churches Church parishioners Catholic_Church congregations parish chuch parishoners Roman_Catholic_Church
number,20,numbers numberof thenumber proportion num_ber many numer amount Number handful
sick,333,everything_Akaogi ill seriously_ill Some_antiflu_drugs deathly_sick Sick unwell deathly_ill sicker announced_Etant_Dupain
meet,29,meets met tomeet fulfill satisfy meeting Meet s_spinoff_Freescale discuss meetthe
mine,500,Mine mines coal_mine mining miner coalmine coal_mines Nobody'll_buy miners coal_mining
john,500,dave johnston bennett jeff robert pete jason doug charles david
waiting,81,waited waiting_patiently patiently_waiting wait anxiously_waiting waits waiting_anxiously awaiting Waiting waiting_impatiently
inside,130,outside underneath Inside BRACELET_MEASUREMENTS_Opening circumference_width_******* outisde blast_Baheen perimeter front sprayed_fire_extinguisher
supposed,68,meant going intended gonna trying suposed wanted not want slated
drive,29,drives driving drove push run Seagate_SV##_Series driven drives_SEDs Drives ##GB_JetFlash_V##
list,34,lists List Lists wishlist blacklist watchlist alphabetical_listing listof listing listed
cuz,500,lol haha prolly probly lmao shyt gettin lil juss yall
bought,101,purchased sold buy buys buying sell Bought purchase sells loaned
line,13,lines homez.##/telenews/www/wp-content/plugins/wp-postviews/wp-p coach_George_Yarno httpdocs_wp_includes_rss.php Line coach_Bob_Palcic line.The home/content/c/#/#/c#####/html/libraries/joomla/applicatio ###kV_overhead generic_cialis_cialis
sort,500,kind Ben_Hur_proportions sorts suppose type screwball_ruse basically really vent_Gespass weird
trip,123,trips excursion jaunt trek sojourn stopover jaunts journey Trip treks
beautiful,500,gorgeous lovely stunningly_beautiful breathtakingly_beautiful wonderful fabulous loveliest prettiest beatiful magnificent
question,148,questions unasked_question quesiton unanswerable_question quesion answer Questions Question queston conundrum
women,345,men Women womens girls females mothers ladies husbands transwomen Men
body,141,bodies Body corpse torso partially_decomposed decomposing_body clothing_scented_soaps vehicle_Kamenobu shallow_grave_More_>> dismembered_body
sit,93,sitting sat Sit plop Sitting sits flying_Thermos_bottle go stand stare
totally,113,completely utterly entirely Completely wholly Totally completly basically absolutely competely
office,21,offices ofice Office offi_ce offfice desk Offices office.The headquarters branch
brother,500,younger_brother son nephew father uncle cousin brothers twin_brother eldest_son elder_brother
sense,141,humor_Jena_Elayan deceiving_Hondurans feel feeling Dr._Valerie_Voon Prosecutor_Ann_Swegle sensibility stunner_Afleet_Alex groundedness sence
country,77,nation continent region thecountry world coun_try United_States countrys coutnry counry
pay,190,paying paid pays topay reimburse Paying payed payment repay Pay
often,88,sometimes frequently usually oftentimes rarely typically seldom Often routinely invariably
turned,111,turning turn turns pulled Turned morphed brought came ran Turning
picture,72,pictures photograph portrait photo photos photographs images picutre image snapshots
except,49,Except excepting Minagawa_outlived virtually Virtually INCOME_STATEMENT_DATA_Dollars practically else few_scrapes_Kyson Practically
anyways,500,anyway hey lol anyhow cuz haha thats ok yeah wouldnt
bring,78,bringing brought Bringing come brings add get put create brining
team,500,squad teams Team teammates league sqaud coach players coach_Rob_Klatte Duease
brought,61,bring bringing came brough brings come Bringing pushed put Brought
test,323,tests testing tested Testing testings Chlamydia_Rapid extramarital_affairs_flunk exam pretests pretest
door,126,doors window doorway driver's_side_door thief_pried jimmying Someone_pried door_ajar slightly_ajar ajar
ones,50,those bunch they're Those these they are them Marco_Olivieri tend
pictures,500,photos photographs images photograph photo picture Photographs pics Photos snapshots
state,130,statewide thestate district State county Legislature districts federal commonwealth stateís
american,500,america americans british indian canadian chinese european mexican african australian
usually,70,typically normally often generally sometimes tend rarely invariably Usually oftentimes
deal,72,deals agreement pact contract accord pacts tentative_agreement agreements megadeal buyout
monday,500,friday wednesday tuesday thursday saturday sunday tommorow saturdays feb tommorrow
lots,87,lot plenty Lots some galore aplenty LOTS oodles bunch kinds
enjoy,261,enjoying enjoyed Enjoy savor revel Enjoying appreciate enjoys bask dine_alfresco
seeing,39,noticing witnessing see saw experiencing watching looking seen showing realizing
fall,48,falling falls drop tumble rise plummet fell spring Fall sag
important,99,vitally_important vital crucial essential critical utmost_importance integral impor_tant key paramount_importance
sister,500,daughter mother niece aunt sisters twin_sister brother cousin eldest_daughter granddaughter
fine,38,fines fined fi_ne Osteens_paid fining Fines Fine Linemate_Tomas_Plekanec hefty_fines surfine
children,500,kids child childen parents chidren toddlers chidlren childrens daughters Children
online,500,Internet Online http://www.neustar.biz/ internet www.sleepnumber.com web http://www.NeuStar.biz Web Visit_PROFIT websites
red,500,yellow blue purple orange pink participant_LOGIN colored crimson brown bright_orange
wow,500,Wow dazzle oh_wow wows awesome ooh oooh holy_smokes wowed Oooh
ta,500,¬ li na te ting ted ra ay po ma
sound,500,sounds sounding boomy sonics synthesized_strings bassy sounded sounded_tinny hi_fidelity noises
dream,90,dreams lifelong_dream boyhood_dream dreamed lifelong_ambition dreaming boyhood_dreams daydream fondest_dreams wildest_dream
spend,47,spent spends Spend devote spending expend devoting splurge invest Spending
light,172,lights yellowish_glow illumination Scaffold_Towers_DIY injuries_Fuellhardt workers_differently_Corenthal Light glow sensitive_photoreceptor_cells illuminate
taken,18,taking take took Taking Taken given takes carried gone undertaken
pain,500,discomfort chronic_pain excruciating_pain ache arthritic_pain agony soreness throbbing_pain dull_ache numbness
email,500,e_mail emails E_mail Email roycimagala@hotmail.com cclark####nd@netscape.net email_info@unify.com Stephen_Gallien Website_www.citizen_news.org Cathryn_Khalil
kept,22,keep keeping keeps stayed Kept Keeping remained Keep kep maintained
etc,500,etc. etc_etc ect eg etc_etc. etcetera et_cetera etc_etc_etc ie. etc.etc
hurt,125,hurting hurts harmed injure injures affect dented adversely_affected sickening_crewman negatively_affect
sex,500,sexual oral_sex sexual_intercourse intercourse anal_sex sexual_encounters Chastity_Bono_announces prostitution Sex masturbation
worth,90,valued costing smackeroos value worht squillion worthwhile woth 4m_£_#.#m ###million_£_###million
completely,60,totally entirely Completely utterly wholly completly Totally altogether essentially basically
needed,56,need necessary urgently_needed required needing needs sorely_needed meant wanted enough
easy,94,easier easiest simple Easy difficult effortless straightforward convenient quick tempting
type,29,kind types sort particular characteristics vindictiveness_Osborne Type typical Argus_Observer_furnishes Dave_Chapelle_skit
pick,57,picks picking picked Pick Picking draft_pick firstround_draft Sebastian_Telfair_Theo_Ratliff select draft
four,149,three five seven six eight two nine eleven ten several
college,500,colleges university school collegiate undergraduate graduate_assistantship col_lege undergrad collge Ivy_Leagues
hopefully,426,Hopefully hope 'll Fingers_crossed hoping definitely maybe going Hopefuly sincerely_hope
books,500,book tomes paperback_novels nonfiction_books novels booklist textbooks ebooks Books hardbacks_paperbacks
amazing,365,incredible awesome unbelievable fantastic phenomenal astounding wonderful unbelieveable remarkable marvelous
movies,500,films movie flicks film Hollywood_blockbusters Movies horror_flicks blockbusters indie_flicks romcoms
perhaps,144,Possibly possibly Perhaps maybe might probably arguably surely even presumably
order,16,orders ordering TRO_temporary_restraining ordered mandamus_compelling orderto impugned_notification necessary directive disobeyed_lawful
lives,29,life living Miyuki_Kanno lived livelihoods Permanent_Brachytherapy_Implants families chanting_Neda Rini_Paiva_spokeswoman existences
sat,364,sitting sit Sitting stared stood sat_silently huddled lounged sat_hunched slouched
town,281,village hamlet towns city Town townspeople tiny_hamlet municipality township townsfolk
learn,373,teach Learn learned learning visit_www.imuc.com discover Vectren_visit_http://www.vectren.com please_visit_www.ubisoftgroup.com Company_visit_http://www.csst.com IMUC_please
ended,57,ending ends end amounted culminated began totaled Ended lasted CASH_FLOW_OPERATING_ACTIVITIES
needs,31,need needed wants Needs must desires needing requirements should demands
plan,63,plans proposal Plan blueprint strategy proposals planned proposed planning plan.The
experience,62,experiences experi_ence expertise expereince experince knowledge experiece experienced exprience ex_perience
woke,197,awoke woken waking awakened awoken wakened wakes Woke doorbell_rang Waking
hold,17,holding held holds Hold take put hang cling convene wrap
bored,500,boring tired jaded bored_witless engrossed Bored annoyed monotonous entranced antsy
chance,35,opportunity chances opporunity oppurtunity hope opportunty achance oportunity oppportunity oppourtunity
figure,11,figures fi_gure estimate disenfranchise_Hargett figuring guesstimate statistic guestimate Marleys_refuse Kalas_evolved
hands,29,hand Hands fingers knees fingertips tightly_clasped SHERMAN_INDIAN_MUSEUM mitts paws arm
given,43,gave give giving provided offered received accorded Giving afforded gives
excited,144,thrilled enthused pleased delighted proud ecstatic psyched exciting elated happy
cold,500,chilly frigid Cold bitterly_cold chill warm colder TONIGHT_Clear frosty frigid_weather
power,208,Power electricity Conscientiously_wield electicity power.The ChemGenex_harnesses Inguri_hydroelectric energy electricy NTSB_Airliner_engines
die,52,perish dying dies die_prematurely oil_Cvitanovich died kill Die dieing starve
using,49,use utilizing Using used uses incorporating applying Use employing Utilize
till,500,until untill Till til uptill upto uptil onwards wef preponed
busy,38,hectic Busy busier hectic_schedule busily busiest preoccupied hectic_schedules stressful Hectic
walked,500,strode strolled walk walking sauntered wandered ambled jogged walks exited
crap,500,shit sh_*_t bullshit sh_t sh_** bullsh_*_t shite crapola fucking bullcrap
boring,500,dull uninteresting monotonous bored bland tedious unexciting tiresome mind_numbingly_boring dreadfully_boring
note,76,notes Sounding_conciliatory Tradition_Analytics Nick_Bertolotti analyst_George_Staphos Steven_Alexopoulos analyst_Yaron_Werber Dearest_Lila analyst_Chiara_Cremonesi analyst_Amit_Daryanani
b,500,c f **_ls j *_lls @_lls i_####.##_subds See_USSG_§_#B#.# TCA_§_##-##-### h
huge,91,enormous big massive tremendous gigantic immense colossal sizeable Huge large
death,324,deaths murder untimely_death slaying killing fatal murdered deat Death died
young,343,By_Yoon_Ja By_Soh_Ji teenage younger teenaged impressionable horribly_horribly_deranged youth neglected_clearcut Chung_Ah
cute,500,adorable cutesy vulnerable_Frangipane Cute girly goofy cutsie sooo_cute funny sexy
listening,154,listen Listening listened freqs fans_scream_BRUUUCE WALTHAM_Mass._Doc_Rivers listens hear Sleigh_bells_ring saying_Stamness
thoughts,101,Thoughts feelings Visit_talkback.jacksonsun.com musings reflections memories opinions innermost_feelings innermost_thoughts contemplations
future,32,furture Carrier_Ethernet_www.soapstonenetworks.com Future prospects thefuture fut_ure foreseeable_future Nortel_strategic_alliances upcoming current
paper,286,They_unroll_toilet papers Accelerating_3G Paper cloth_swabs quoted_Hao_Peng newspaper newsprint_uncoated printed Qassas_confirmed
sweet,500,sweetness sweetest caramelly syrupy_sweet yummy buttery tooth_achingly fan_Rosangela_Pereira delicious fruity
cut,62,cutting slash slashed trimmed Cut trimming trim slashing cuts lop
stand,10,stands stood standing sit Stand annie##_leave_lindsay lie Stood leave_swami_Nithyananda Standing
starting,27,beginning start Starting started starts begin going begins word_TIPSUD coming
english,500,Institute_ITRI_eng English spanish grammer japanese french lyk dutch american england
forget,231,remember forgotten forgetting forgets forgot know remind foget overlook realize
five,168,four seven six eight three nine two ten eleven ##
company,500,comapny comany firm companies compay com_pany companyā compnay thecompany subsidiary
longer,25,shorter Longer long sooner less anymore fewer lengthier direction_Ditcharo no
internet,500,Internet online Visit_OMNOVA_Solutions via_www.mobilebaybears.com Earn_Rs.####/day_working http://www.mineralstech.com/ Earn_Rs.####_daily web InternetInternet intenet
apparently,67,evidently reportedly presumably Apparently supposedly Evidently seemingly clearly initially ostensibly
listen,270,listening listened visit_www.timewarner.com_investors hear Listen subscribe_visit_http://www.bestdayaudio.com MIPS_Technologies_invites AOL_Keyword_IR listens Listening
finished,500,finishing finshed finsihed finish finishes fnished respecitvely finised flatwater_K2_event Finished
across,34,Across accross throughout around aross acrossthe acoss acorss acros through
exactly,166,precisely what Exactly exact know exact_opposite EXACTLY why exaclty how
dead,370,killed slain murdered presumed_dead decapitated died corpses wounded mutilated killing
seriously,14,serious lightly dim_view utmost_seriousness seri_ously gravely serioulsy seriousness badly critically
perfect,61,ideal pefect terrific flawless fabulous excellent good superb wonderful fantastic
la,500,à_la ala le là que_le en leur était que después_de
sounds,500,sound Sounds sounded sounding Sounded fisherman_knit_sweater HIGH_deh noises Lost_Manuscripts_Just kinda_fishy
middle,48,Middle gunfire_Elumbaugh overtime_Clarett_bulled Bab_al_Mashhad runic_setup_signifies Vandna_Jain_walk smack_dab plunked_Alex_Rios upper order_batsman_VVS
forward,54,foward froward Dominic_Rhodes_plow Timminco_cautions ahead Forward Interfor_undertakes ProUroCare_undertakes forwardto forwad
games,465,game matches contests matchups seasons games.The tournaments playing outings play
kid,500,guy kids boy dad dude grade_schooler schooler teenager teen_ager fella
whether,41,if Whether how wether whther what why legality might Bob_Dolgan_Have
special,14,Special speical aspecial professionals_CEC_SmartBrief specially standout_Heath_Farwell Richard_Bisaccia extraordinary extra SPECIAL
answer,164,answers answered answering question anwer Answering Biscardi_fielded please_call_#.###.WARRANTY Answer questions
rock,500,rock_n_roll rockers punk_emo punk_rock alt_rock station_WHJY_FM rocks indie_rock star_Gustavo_Cerati rock'n'roll
telling,143,tell reminding saying Telling told tells informing reminded talking explaining
loved,500,adored liked love loves hated Allan_Hutchisson loving adore Fivelson_substitute_teacher beloved
yay,500,yea uh duh Yay YAY lol haha nope yep ah
songs,500,tunes song lyrics Songs ballads instrumentals albums melodies album original_compositions
drink,500,drinks drinking alcoholic_drink alcoholic_drinks Drink drank Drinking beer kool_aide drunk
e,149,Retail_DIY_Superstores IBM_WebSphere_SmartSOA Queiroz_Galvao_Oleo electronic Electronic Helmand_province_Nad si_z wh_** SIM_MMI Aghaz_e_Huqooq
realize,156,realizing understand realized know recognize think realizes appreciate comprehend forget
history,40,annals lore histories storied darkest_eras history.The History histroy female_ticketmate prehistory
walking,222,walk Walking walked jogging strolling walks wandering walking_briskly riding_bicycle stroll
several,91,numerous few dozens two three many various Several four couple
road,500,highway roads raod roadway expressway highways motorway gravel_roads roadways freeway
plus,111,minus + equals including includes Includes combined Subtract ranging whopping
street,454,streets sidewalk boulevard alley sidewalks neighborhood Streets alleyway Street pavement
store,500,stores Store shop superstore grocery_store mall supermarket retailer drugstore convenience_store
wonderful,500,marvelous fantastic great fabulous terrific lovely amazing beautiful magnificent delightful
worked,73,working worked_tirelessly toiled works collaborated worked_diligently Worked lobbied work labored
glad,500,thankful happy grateful thrilled pleased proud delighted excited sorry overjoyed
problems,215,problem difficulties troubles woes Problems issues deficiencies probems prob_lems shortcomings
entire,18,whole rest ENTIRE Entire every the throughout Smoking_bathes every_facet entirety
blue,500,red purple white maroon colored orange yellow teal pink pale_blue
link,58,links linking linkage bir_alıntılanan_köşe_yazısı connection alıntılanan_köşe_yazısı_haberin http://www.corebox.net/properties/reed_lake/ www.qcmallards.com linkages causal_relationship
leaving,29,left leave leaves returning Leaving departing departed exiting entering abandoning
possible,18,humanly_possible practicable potential feasible possibly Possible possibile necessary possibility probable
father,500,son uncle brother grandfather dad mother nephew stepfather eldest_son grandson
page,500,pages webpage views_Trackback_Print 5th_Fleet_Navy_NewsStand homepage ProMetic_Annual ClubMac_Hot_Deals MacZone_Hot_Deals Chris_Rattue_View website
film,500,movie films filmmaker filmmakers filmmaking movies cinema Guy_Ritchie_Revolver Vasanthabalan Nadunisi
mood,58,moods sombre_mood tone sentiment festive_mood Mood celebratory_mood attitude vibe upbeat_mood
dog,500,dogs puppy pit_bull pooch cat golden_retriever German_shepherd Rottweiler beagle pup
gay,500,homosexual lesbian gays LGBT homosexuals lesbians transgender GLBT gay_lesbian openly_gay
president,146,President chairman vice_president chief_executive CEO pesident Vice_President executive prez Presdient
moving,49,moved Moving move inching shifting moves pushing drifting relocating heading
afternoon,243,morning evening night midday Friday afteroon Monday afternon Thursday Saturday
questions,137,question Questions ques_tions queries quesitons answering_questions answers unanswerable_questions questons concerns
evening,422,night afternoon morning Saturday Sunday lunchtime Friday evenings eve_ning wee_hours
due,70,owing Due dueto attributed Owing because necessitated resulting caused exacerbated
wrote,132,writes written Writes penned noted writing worte opines approvingly_quotes observes
works,33,work worked working collaborates consults uses performs Works dabbles interacts
happens,385,happen transpires occurs happening goes happened do comes going extradimensional_threat
visit,500,vist visiting visits Visit visited visist trip visted Catte_Nappe visitthe
date,52,dates Ligand_judgment WCDMA_3G_Nokia Dates Alpesh_B._Patel SBPA_substitution format_Domicile Norwich_Superior_Court visit_www.rsaconference.com rescheduled
business,164,businesses busines busi_ness PETER_PASSI_covers Business businesss Sopris_supplemental_solutions company entrepreneurial buiness
takes,176,take took goes comes puts Taking taking begins gives brings
cd,500,CD cds dvd cd_dvd itunes lp protools flac stores_r_blackballing mp3
air,99,sulfurous_smell_wafted papal_pep_rally Warm_moist unsuspecting_Moraes Jason_Sehorn_grasping Air OTA_synchronization traffic_controllers_ATCs cooled_heat_exchangers sulphurous_smell_hung
fast,36,quick rapidly Fast quickly slow faster breakneck_speed TSFG_focuses rapid speed
driving,239,Driving speeding driver drving speeding_tailgating drive driving_recklessly driv_ing drivng drivers
eating,500,eat Eating Rancho_Bernardo_Escondido snacking eaten ate wolfing_down Spygate_rematch munching spokeswoman_Deedee_Sytangco
comments,340,remarks Comments remark comment coments commments ⋅_Oct Women_eNews_welcomes statements ⋅_Sep
age,154,aged ages Routine_Paps_should age## older younger yearsold BPH_afflicts_approximately Duipmans delaying_childbearing
realized,46,realizing realize knew thought realization Realizing figured dawned sensed imagined
kill,128,kills killing destroy exterminate decapitate assassinate behead terrorize commit_suicide injure
single,105,Single one asingle signle Pinch_hitter_Miguel_Montero double Denard_Span_singled watt_bulb_illuminated Stephanie_Savre basesloaded
changed,74,altered changing change alter drastically_altered radically_altered shifted alters altering rethought
ate,500,eat eaten eating snacked wolfed_down munched eats chowed_down drank wolfed
known,57,Known regarded popularly_known commonly_referred dubbed affectionately_known recognized widely_regarded nicknamed Referred
mad,500,crazy bonkers stupid pissed insane angry scared stark_raving_mad batty jealous
relationship,101,relationships friendship mutually_beneficial_relationship ties Relationship realtionship partnership relations rela_tionship symbiotic_relationship
child,500,children infant chid toddler baby newborn chld Child preschooler child_ren
share,224,Share ashare worth_###.###mln_rub shares pershare cents sahre Including_discontinued_operations worth_##.###bn_rub #.##_perdiluted
america,500,american americans europe usa texas india africa mexico england obama
sun,500,sunlight sun_rays sunshine sunrays noonday_sun rays suns_rays dried_tomato_basil sun_shining UV_rays
system,33,systems sytem sys_tem System mechanism sysem systen system.The sytems computerized
human,204,human_beings humans impertinent_flamboyant_endearingly employee_Laura_Althouse humankind Human mankind Christine_Gaugler_head humanity sentient_intelligent
simply,252,merely either anyway actually not rather instead essentially necessarily plainly
ha,410,hectares hectare Singer_Morten_Harket rai mu ho_ho_ha_ha DANCE_COMMANDER_Ke ###ha ha_Cannibal Hectares
upon,2,on Upon
send,116,sending sent sends Sending Send Text_NR eveningstarletters@eveningstar.co.uk resend bring pokorny@pfcritics.com
voice,248,voices noticeably_hoarse Voice raspy_whisper thin_reedy Streisand_fretted genial_manner sounded_tinny quavered mellow_baritone
hang,59,hanging hung hangs Hanging pull hangin Hang put cling knock
lately,32,Lately been 've writing_screenplays_Elkins gotten already these_recalls_Debrowski has decades_Phyllis_Zicherman grown_accustomed
certain,45,these all Certain specific some various specified particular those such
giving,54,give gave gives Giving given providing handing allowing Give letting
definitely,500,certainly obviously really Definitely probably think always yeah hopefully definately
sucks,500,suck stinks kinda_sucks pisses friggin crappy sux freakin friggen crap
information,500,info infomation infor_mation informaiton informa_tion informationon informationabout Information informaion details
seemed,55,appeared seems looked seem seemingly appears felt was seeming Seemed
current,14,Current currrent thecurrent curent future existing new previous normalized_FFO_guidance prevailing
laugh,500,chuckle laughing giggle laughs laughed chuckling hearty_laugh chuckles joking funny
add,49,Adding Add adds bring augment create incorporate expand combine elevate
sent,44,sending send sends forwarded mailed despatched Sending dispatched e_mailed circulated
support,31,supporting suport suppport Support supported backing supports assistance sup_port supportive
iraq,500,afghanistan iraqi Afganistan afganistan Iraq iran libya vietnam cheney iraqis
public,19,pubic Public private thepublic pub_lic publc PUBLIC pubilc apublic pulic
personal,28,Personal per_sonal Biden_decries_unbecoming pesonal area_networks_WPANs nonpersonal everyone_Lucaccini BY_GREGORY_KARP own customizable_scrolling_ticker
thursday,500,tuesday monday saturday friday wednesday sunday feb tues tommorow thurs
basically,300,essentially Basically totally whole just Essentially kind really kinda literally
poor,113,poorer abysmal poorest lousy woeful student_Abu_Fatmah pitiful bad wretched shoddy
meeting,254,meetings meeeting Meeting meeing Meetings worksession roundtable briefing conference forum
article,500,op_ed column articles op_ed_piece Op_Ed editorial oped writeup aricle essay
win,500,victory wins clinch winning victories triumph won defeat beat vicory
near,210,nearby vicinity north outskirts south miles_northeast miles_southwest west miles_northwest miles_southeast
somewhere,65,someplace somewhere_else Somewhere somwhere ours_Sanville anywhere Qari_Ahmadi Michael_Haibach_deputy somewheres blocked_Ueberbach
finish,500,finishing finishes finished finsh fi_nish Finishing finsih win finshing finshed
bar,307,Bar bars tavern pub nightspot nightclub Pub bartender restaurant Lounge
park,500,parks Park superintendent_Dave_Uberuaga skate_park parkland Kohler_Andrae campground Taraji_Henson_knocked Castaway_Cove skateboard_park
dark,390,darkened darker gray pools_Niederauer darkness darkest ghostly_glow Satanic_mills stuffy_cabins Colbert_SpongeBob
boys,500,girls kids Boys boy teenagers schoolboys men Girls boysâ_€_™ teenage_girls
bus,500,buses Bus busses minibus Buses schoolbus trolley van Greyhound_bus taxi
den,45,dens Code_Bitte_übertragen_Sie Michael_Baden_BAH' lair Levy_staring_listlessly rumpus_room lairs these_hedonistic_dens 1Bdrm_+ hibernating_bear
study,500,studies Study survey longitudinal_study observational_study researchers research multicenter_study meta_analysis randomized_controlled_trial
ran,184,went raced sprinted drove running walked sped scampered darted rode
peace,500,peace_accord peaceful_coexistence peacemaking ceasefire Dissident_republicans_opposed Mideast_peace Peace Peace_Process stage_Yusafzai cease_fire
website,500,Web_site webpage Website homepage web websites webiste www Web_Site http://www
feels,121,feel felt feeling thinks looks seems realizes knows believes acknowledges
teacher,500,teachers Teacher guidance_counselor elementary PE_teacher schoolteacher school pupil student paraprofessional
fight,500,fighting fights battle fought Fight fi_ght battles Fighting bout fighing
control,17,controlling contol controls controlled Control Controlling grip con_trol conrol controllable
fear,127,fearful fears Fear fearing worry dread feared anxiety apprehension afraid
cry,122,crying cries weep scream bawling sob cried sisters_nieces_nephews bawl yell
random,38,randomly Random orbit_sanders orbit_sander randomness DRAM_Nandi randomly_selected number_generator_RNG Randomly vehicle_Kakuske
worse,141,uglier better scarier bleaker progressively_worse Alain_Widdowson grimmer nastier direr worsen
within,8,withing Within over beyond w_ithin only within## remaining
ride,321,rides riding rode Ride Rides Fabio_complimented joyride riders DALMAC hop
written,250,penned writing write wrote Written writen read authored rewritten handwritten
rain,500,heavy_rain downpour rains torrential_rain Rain downpours rain_showers wet_weather rainfall heavy_rains
truth,327,truths falsehood veritas_Latin Fatma_Trad_veiled truthful facts Truth untruths falsity unvarnished_truth
space,238,spaces music_concept_ShockHound Shuttle_docks Space Soviet_Union_Yuri_Gagarin Shuttle_Discovery_blasts Shuttle_Discovery_docks Shuttle_Endeavour_undocks Shuttle_Discovery_arrives Shuttle_undocks
liked,389,loved disliked wanted knew admired hated impressed thought liking Reese_Witherspoon_canary_yellow
comment,489,com_ment BY_CARLA_HINTON_Leave BY_SONYA_COLBERG_Leave BY_BRANDY_McDONNELL_Leave BY_DARLA_SLIPKE_Leave BY_DIANA_BALDWIN_Leave BY_TRICIA_PEMBERTON_Leave Only_registred_users BY_CARRIE_COPPERNOLL_Leave BY_MEGAN_ROLLAND_Leave
normal,47,Steven_Groeninger_spokesman hand_Cendales normality normalized abnormal usual manager_Brandy_Kingsolver features_Rozsos normally normalize
law,500,laws statute statutes Law legislation Constitution constitution Prevailing_Wage_Act slayer_statute rule
wear,500,wearing wore don wears worn dress Wearing wear_pantyhose knit_beanies donning
area,184,areas outlying_areas region vicinity neighborhoods neighborhood Area metropolitan mile_radius vicinities
sign,19,signs Signs burlingtonfreepress.com_newsletters signing visit_www.sheboyganpress.com_textalerts signed Sign At_www.QualityStocks.Net Visit_http://www.otcpicks.com/hotpicks.htm_today Signing
posted,103,posting Posting recorded mudflow_warnings Jenny_McCorkle logged Catherine_Gao Mujaheddin_Shura_Council Lelise_Gobena newspaper_Delovoi_Peterburg
simple,121,straightforward Simple uncomplicated simplest easy fairly_straightforward deceptively_simple simpler simplistic disarmingly_simple
government,500,Government goverment governent governments govern_ment governmnent governement govenrment governemnt govt
straight,255,consecutive staight row successive winning_streak consectuive alternated_wins straigth threegame_losing losing_streak
shall,277,must ADSI_intends hereby henceforth aforesaid hereafter thou_knowest should hereunder_shall shalt_thou
dance,500,dancing dances dancers Dance ballroom_dance dancer dance_troupe dance_routines lindy_hop ballet
usual,18,Usual ususal route_Mangeot customary typical Fehrenbacher_forester normal predictable prosaic shrieking_grunts
act,11,acts acted acting behave act_decisively Acts Still_Geberth punish_wrongdoers Sanctioning_bodies commit
dunno,500,Hmm hmmm Hmmm i_dunno y'know yeah Uh lol Ummm hmm
alot,500,dont thats lol whats Alot cant i_dont definately realy definetly
blah,500,Blah_blah_blah_blah meh bland ho_hum lame ugh bleh boring crappy blah_blah
missed,212,miss misses Missed skipped missed_makable misfired missing Backup_Delonte_West misssed footer_rimmed
wake,22,aftermath following woke wakeup_call woken immediate_aftermath midst wakes waking after
hehe,500,lol haha hahah Hahahaha rofl im_gonna HAHAHAHA questlove_@ Hahaha lmfao
shopping,500,Shopping shoppers mall shopper malls DealTaker.com_coupon shopping_mall SHOPPING shopped grocery
kerry,500,mccain hillary reagan sarah john_mccain palin hilary bennett pete richards
level,18,levels threshold level.The Levels echelon Level Jackass_sey_di_worl levelof heights Baathist_civil_servants
forever,75,forevermore eternally Mikio_Tadano_bristles Ramallah_Jenin_Nablus Jadis_icy_spell irrevocably Eldor_Schuman Menemon nearby_Lottsburg eternity
piece,33,pieces peice bits nugget masterpiece Pieces item slice peices chunks
learned,44,learn relearned taught learns knew learning relearn talked teach realized
lose,66,losing lost loses loosing Losing squander regain looses Lose suffer
attention,28,Attention undivided_attention attentions atten_tion atttention spotlight notoriety acclaim ire atention
tuesday,500,thursday monday friday wednesday saturday sunday feb july tommorow september
service,169,services ser_vice sevice servce serivce service.The Service sevices servies servic
de,500,De de_la d' du le en ouverte del La la
catch,59,catching caught catches Catching nab Catch snare catchable grab Poor_Linds
message,41,messages messsage mesage Message messege subliminal_message mes_sage Messages missive congratulatory_message
moved,128,moving shifted relocated drifted pushed crept went nudged move inched
video,500,videos Video Efforting_soundbites video_clips INCLUDES_previously_unreleased videotape footage vidoe Watch_TimesCast_daily clips
recently,36,Recently has previously subsequently newly recenlty already recent recenty been
coffee,500,coffees gourmet_coffee Coffee o_joe Starbucks_coffee coffee_beans latté cappuccino brewed_coffee espresso
bunch,500,buncha gaggle passel ragtag_bunch rag_tag_bunch lot buch slew handful fellahs
smile,500,grin smiles grins beaming_smile smirk smiling mischievous_smile toothy_grin toothy_smile sly_grin
green,155,wearin_o greener workers_differently_Corenthal QEII_TJ_Marta red Leyritz_Ford_Expedition greening Pentwater_Civic Kimmie_Mi_Hyun_Kim eco_friendly
jesus,500,jesus_christ christ cuz_u jesse jessie lmfao hahah angelina hitler michele
deep,57,deeper deepest depths shallow gravelly_voice_fills Deep depth deepening Deeper water_newbuilding_drillships
strange,500,weird peculiar bizarre odd surreal disconcerting unusual freaky strangest curious
pass,362,passes passing badly_underthrown passed dumpoff passess nifty_wraparound passs eluded_tacklers mark_Olukunle
situation,53,predicament situtation situations sitution sitaution scenario circumstances sitation siutation thesituation
strong,68,solid stong robust stronger weak Strong strongest good strength astrong
clean,129,Clean mess_Lehmacher Surprisingly_Zambonis cleaned cleaning cleaner sober_Boole_added surgeon_Rochelle_Dicker NASDAQ_BLDP_provides leadoff_batter_Jose_Bautista
form,2,forms shape
evil,500,malevolent wickedness evil_doers demonic villainous Evil evil_incarnate satanic satan evilness
floor,104,floors Family_BirthPlace_located fl_oor Floor balcony upper_floors hallway stairwell McDermot_###-#### hen_bobs_around
worry,186,worried fret worries fretting worrying fear Worry concerned complain concern
ah,500,uh nah yah ee Ah lah dee tay gee duh
large,61,sizeable small sizable Large huge larger massive smaller substantial gigantic
project,500,projects pro_ject proj_ect Project Projects construction feasibility_study pro_jects project.The theproject
x,500,× x_###.#mm §_§_##v Gelo_Orange_Naples x_##mm_WDH x_##.#cm x_##in x_##.##mm ##.#mm_x_##mm x_#.##in
final,142,Final penultimate fi_nal second first fourth finals thefinal semi_final third
somehow,184,Somehow miraculously magically somehow_someway actually foolishly somehow_magically somehow_miraculously alas hopelessly
complete,18,completed completing completes Complete full Completing completion Successfully_completing detailed partial
ways,26,way things methods alternatives possibilities how strategies approaches ideas Please_visit_www.autonomy.com
stopped,58,stop stopping halted started resumed Stopped began ceased stoped stops
truly,208,genuinely Truly really truely indeed uniquely absolutely profoundly ebullient_Ohno incredibly
art,500,visual_arts artworks artwork printmaking Art LSA_CC art_gallery AABB_Cryo_Cell arts artmaking
feet,406,ft foot ft. inches meters feet_tall ###feet centimeters 6feet RICHLAND_CHAMBERS_RC
speak,65,speaking spoke speaks spoken talk converse speak_candidly discuss testify Speak
conversation,106,conversations discussion coversation discussions chats chit_chat convo chat banter dialogue
lord,500,lords god Lord Thou_knowest Lord_Ackner dost_thou lordship thou_knowest Ozai sitteth
christmas,500,xmas Xmas Christmas x_mas Chrismas Christ_mas X_mas santa holiday Chistmas
chris,500,david paul dave gordon ryan kevin clark andrew steve darren
eye,29,eyes Eye eyelid ear eyeball beady_eye Obagi_ELASTIderm_TM Morgan_Tsvangirai_ur beady peepers
imagine,153,fathom envision imagining imagined Imagine wonder contemplate think remember see
mention,32,mentioning mentions mentioned allude nary_mention alluded forget Mention cite belabor
wife,500,husband daughter fiancée mother fiancee daughters girlfriend niece estranged_wife eldest_daughter
suppose,500,guess think maybe yeah dunno hey Maybe Okay probably Hmm
wearing,500,wore donning wear Wearing donned wears wearing_khaki dressed clad wearing_khaki_shorts
ppl,500,lol dont poeple i_dont thats some1 pple ppl_r any1 sum1
web,500,Web website websites Website Visit_TMM webpage online www.AlgonquinPowerandUtilities.com news_.com_index.php www.foxbusiness.com
picked,75,picking pick scooped Picking picks Picked perked racked wrapped pulled
shows,34,show shown showed showing indicates reveals demonstrates suggests illustrates Shows
married,500,divorced wed marry remarried happily_married marrying remarry marriage Married eloped
students,500,student undergraduates Students teachers classmates stu_dents middle_schoolers faculty sudents studens
fell,237,tumbled slipped rose climbed slid dropped jumped plunged falling slumped
clothes,500,clothing underwear underclothes garments jeans Clothes undergarments dresses shoes pajamas
forgot,285,forgetting forgets forget forgotten didn'tI Should_auld_acquaintance didn't conveniently_forgot remember Ooops_sorry
return,23,returning returns returned rejoin Return leave depart Returning reclaim retun
gotten,38,got getting get gone received lately been gets figured gotton
none,60,None neither nobody no never hardly unlike other only nothing
asking,85,ask requesting asked asks Asking urging imploring begging telling seeking
fat,500,fatty belly_fat unhealthy_fats Heart_clogging_trans saturated_fat fats flab Redistribution_accumulation Fat fatty_foods
r,500,n_r_nThe motherf_---- LIVE_tweeting r_n f b ch eal h tter
caught,37,catching catch Caught snared Catching catches nabbed hooked spotted snagged
major,30,biggest significant big main key huge signficant amajor largest greatest
bill,500,legislation bills amendment HB#### omnibus_bill appropriations_bill Legislation Tax_Extenders_Act Senate proposed_constitutional_amendment
wednesday,217,monday thursday tuesday saturday friday sunday tommorow feb tommorrow july
hello,500,hi goodbye howdy goodnight greeting Hello g'day See_ya ya_doin greet
worst,146,Worst weakest scariest ugliest best bleakest strongest nastiest lousiest toughest
fire,500,blaze fires Fire flames carelessly_discarded_cigarette inferno firefighters alarm_blaze brush_fires grassfire
july,500,september feb december february november october january april june tuesday
dear,43,dearest lord_bless dearly bonnie_st_george_mandaue##@yahoo.com dear_lord son_Excellency_Baraka beloved cherished God_bless Dearest
feelings,290,emotions sentiments innermost_feelings bitterness Feelings ambivalent_feelings thoughts resentment anger emotion
following,59,Following after follows followed subsequent folllowing follwing ollowing culminating coincided
earlier,38,last previous Earlier later Last ealier ago after prior recent
minute,500,minutes mintue seconds mintues hour ##minutes ##minute halfhour minuets mintes
unless,72,Unless if otherwise until either If anytime Dolly_strengthens Otherwise but
update,321,updates updated updating DESCRIPTION_rPath TITLE_Red_Hat Fierce_ContentManagement GoldCore_blog DESCRIPTION_Debian DESCRIPTION_Red_Hat disembodied_voice_intoned
ill,28,sick seriously_ill unwell gravely_ill feeling_unwell consuming_prasad dizzy deathly_ill illness recommends_licensure_Balmer
bitch,500,bitches b_*_tch ab_**** ab_*_tch b_**** bitch_bitch whore fucking_bitch b_**_ch ab_**_ch
table,46,tables ConocoPhillips_BPAmerica Capitalized_Included tray dining_room banquette rapping_cappella sideboard linen_tablecloth Tables
serious,67,serous severe Serious seriously minor seri_ous seriousness gravest grievous nonserious
choice,28,choices choose choosing Choosing chose chosen selection option preference selecting
mostly,55,mainly largely primarily predominantly chiefly predominately Mostly generally principally Largely
dreams,120,dream aspirations daydreams lifelong_dream fantasies unshaped_eyebrows_Poehler dreaming palatial_McMansions_aside boyhood_dreams visions
weather,500,wet_weather Weather inclement_weather wintry_weather wintery_weather weatherwise stormy_weather Unusually_mild Unseasonably_warm wintry_conditions
meant,34,intended supposed needed means wanted could mean hoped designed would
save,53,saved saving saves saver Saving conserve preserve owl_kingdoms Reading_Euromoney avert
issue,46,issues thorny_issue problem isssue topic Issues touchy_subject matter matters dilemma
self,5,Self narcissistic selfconfidence self_actualization self_righteous
hmm,500,hmmm Hmmm Hmm Hmmmm dunno hmmmm lol hey ummm haha
states,103,States countries jurisdictions regions counties nations Canadian_providences legislatures sates districts
beach,500,beaches beachfront beachside sandy_beach seashore Beach Vasden_displayed_kenaf_booms beachgoers shoreline beach_goers
continue,60,continues continued continuing contine tocontinue remain Continue intensify con_tinue persist
trust,43,trusts opinion_Stoutenburg trusting Trust Hasegawa_crammed Subordinated_debentures_payable busting_Teddy_Roosevelt confidence mustachioed_cowboy_hips Equifax_empowers_businesses
card,475,cards Card accompanying_GOLD_proxy accompanying_WHITE_proxy prepaid_reloadable debit_card NACo_prescription_discount Visa_debit_card Metro_SmarTrip Lexar_Professional_###x_SDXC
thinks,271,believes knows realizes says concedes agrees belives feels wants sees
absolutely,165,Absolutely utterly totally absolutley quite_frankly frankly absoutely truly absolutly really
speaking,55,spoke speak Speaking spoken speaks talking answering_questions conversing discussing conversed
beat,445,beating beaten beats trounce thumped defeated trounced outplay win outslug
p,500,%_##gt %_##lt_;/ BEL_Kawasaki d bunt_SAC OGJ_Mar. SN_#/#/## Joel_Roelants_BEL_KTM 2b_SAC GONZALES_grounded
example,11,instance examples illustration exemplar shining_example reason Example counterexample analogy metaphor
noticed,71,noticing spotted noticeable saw seen discovered Noticing observed sensed alerted
lady,460,woman ladies dear_madam lady_Laura lass NANCY_REAGAN Bernadette_Chirac gentleman lady_Bernadette_Chirac Maggie_Kernan
shot,500,shots shooting shoot pointblank_range Shot fired richocheted shoots Handycam_camcorders_plunged ricocheted
expect,89,expecting anticipate Expect foresee want expected expects intend predicted anticipating
beginning,50,starting begins begin term_TIPSC begining start began end fledgling_Arpanet_network beginnings
stuck,81,sticking wedged jammed Stuck stick trapped mired stranded Sticking bogged_down
pissed,500,pisses p_*_ssed pisses_me p_***** p_**_sed piss PO'd pissy p_**** cheesed
ur,500,u yur lol u_dont u've jst u're some1 dont_u haha
stories,328,tales story Stories Rubble_piled anecdotes narratives tall_tales tale below_glowed_frosty experiences
six,178,seven five four eight nine three two ## eleven ten
turns,159,turn morphs turned turning disappears pulls transforms goes Turns carves
starts,59,begins start starting tomorrow_Shirato finishes outings permits_data_due.Thursday ends started begin
dun,500,na_di nao pera ano_ba doon na_nga iyan kanila tapos_na tanan
afraid,500,scared fearful worried frightened afriad deathly_afraid hesitant terrified Afraid reluctant
scared,500,frightened afraid terrified fearful petrified worried freaked petrified_Ogborn panicked Scared
places,51,locales spots areas place locations Places cities tourist_destinations where venues
view,44,views viewpoint vantage_point perspective Noem_benefited Smoke_obscures vantage MonitorPlus_article Views viewed
yea,500,yay nay Yea yes wut aye lol Uhh nay_nay oh
clear,35,crystal_clear clearer abundantly_clear obvious clearest unambiguous unclear sure evident unequivocal
ice,500,Ice Francies_tossed Melting_polar melting_glacial icy Fill_cocktail_shaker caked_oak_tree ice_melts snow cocktail_shaker_filled
touch,20,touches Wesley_Matthews_regaining HP_TouchSmart_###t_redefines Sculptor_Susan_Bahary MicroTouch_brand bargepole touching Gerald_Cardinale_Goldman_Sachs womenintechnology_recruitment_services sensitive_optical_trackpad
passed,70,Passed passing pass enacted vetoed passsed overrode_veto cleared_procedural_hurdle passage Passing
knowing,139,Knowing know knew believing realizing having feel feeling imagine guess
super,40,super_duper pyroclastic_flows_surging uber cold_liquid_propellant thin_Macbook_Air ultra phosphate_SSP nonflammable_roofs_indoor Mona_Lisa_Cotte mega
died,500,killed perished hospitalized critically_injured dies committed_suicide succumbed dead Died seriously_injured
period,98,"periods period.The pe_riod quarter Incursions_During Period --------------------------------------------_Retained_earnings time thethird_quarter #,###,###_SUPPLEMENTAL_DISCLOSURE"
calling,39,call called calls Calling phoning urging asking denouncing Call telephoning
cat,500,cats dog kitten feline beagle puppy pup pet felines chihuahua
low,30,high Low lower lowest higher lowish ultralow ahigh zero below
box,70,boxes MLN_Newswire_www.mlntherawfeed.com_Attached Inception_outclasses_Schmucks doctrinal_Pandora Little_Fockers_tops brightest_crayon tracker_Nielsen_EDI Keyword_Solicitation_# Strings_attaches Body_Snatchers_flopped
blood,329,Blood splattering_tombstones urine Alcohol_Concentration_BAC bloods blood_platelets With_darkly_mascaraed plasma_transfusions dazed_Keheley Zapping_nerves_helps
club,500,clubs league club.The theclub midlands_club official_website_www.heartsfc.co.uk Club Alan_Biley PLYMOUTH_Argyle boss_Nigel_Spackman
c,500,b Class_BladeSystem See_USSG_§_#D#.# P._###a *_nts USC_§_##a USC_§_####k www.yomiuri.co.jp_index_e.htm_Copyright TCA_§_##-##-### #####.#_subd
interested,48,intersted keenly_interested Interested inter_ested averse involved intrigued leaning_toward actively_engaged vested_interest
practice,113,practiced practicing pratice practices Practice prac_tice workouts Practicing shoot_arounds workout
michael,500,anthony gary robert jeff dave williams howard david thomas ryan
third,151,fourth second fifth sixth seventh eighth ninth first fouth thrid
son,500,father nephew daughter grandson brother sons eldest_son uncle younger_brother mother
towards,30,toward northwards opposite_direction southwards downwards westwards Melrose_Jewelers_caters nearer eastwards inexorably
local,35,Local regional ocal hoteliers_restaurateurs civic LOCAL national locally spokesman_Masaru_Morita municipal
drunk,500,intoxicated inebriated drunken tipsy drinking Drunk visibly_intoxicated drink drunks boozed
including,69,ranging included inlcuding include incuding assorted Including other Among includes
mike,134,mic mikes microphone mics mic_nights CLUB_LASALLE_Open Doug_Fankhauser Open_Mic_Night Open_Mic microphones
apartment,500,apartment_complex townhouse apartments bedroom Apartments house duplex rooming_house townhome fourplex
general,54,gen_eral Ahmad_Vahidi_Revolutionary_Guards manager Bambang_Setiawan_director purpose_programmable_clocks LOUIS_Walt_Jocketty Pagan_Amum_secretary manager_Charley_Armey Lisa_Namerow Danielle_Tiedt_marketing
building,500,buildings Building bulding buidling buiding buildling buildng renovating buliding builiding
everybody,500,everyone Everybody anybody Everyone nobody somebody everything really everbody somebody_else
wedding,500,nuptials weddings bride Wedding bridal_shower wed_ding bridal newlyweds fairytale_wedding wedding_planner
luck,30,misfortune Lady_Luck carried_ristra unlucky karma Carpe_diem_seize dumb_luck lucky luckier fortune
season,500,seasons sesaon seson seaosn seaon preseason sesason postseason theseason midseason
window,224,windows door window_pane doorway windshield sliding_glass glass_pane doors skylight shootdown_presumably
soul,500,souls sweetest_gentlest_kind TUCSON_Ariz._Summoning Siim_Kallas_departure soulful siren_Joss_Stone DJ_Lemon_Lime neshama glitzy_goth_rocker Adam_Burtle
total,500,"whopping cumulative toal totaled of### approximately totals roughly #,### ##.#"
eventually,50,ultimately Eventually shortly_thereafter then subsequently soon quickly gradually finally initially
calls,33,call Calls calling requests phone called callers phonecalls voicemail text_messages
brain,500,brains frontal_lobe cerebellum cerebral_cortex temporal_lobe cortex brainstem frontal_lobes neural brain_frontal_lobe
quickly,66,swiftly easily rapidly soon promptly Quickly speedily slowly eventually instantly
sleeping,281,slept sleep asleep sleeping_soundly Sleeping snoozing falling_asleep sleeps bed dozing
asleep,144,fell_asleep alseep sleeping falling_asleep fallen_asleep awake dozing dozed slept doze
hoping,118,hopeful eager hope hoped trying hopes aiming Hoping hopefully Hopefully
earth,225,Earth planet meek_inheriting earths cosmos mankind mega_vertebrate shepherded_Tolkien_Middle ERDAS_creates Martian_surface
title,500,championship crown titles championships champs champ champion championsip trophy chamionship
managed,27,manged tried manages attempted able manage attempting struggled helped failed
step,15,steps giant_leap stepping move quantum_leap stepped strides leap stepping_stone Step
beer,500,beers lager Beer drinks lagers Yuengling_Lager microbrew Brooklyn_Lager suds brewed_beer
putting,99,put placing Putting puts pulling bringing puting Put pushing turning
character,500,characters protagonist Adversity_builds titular_character charater onscreen_persona villain charcter storyline plotline
camp,119,camps Camp training_camp Camps DaMarcus_Bradley campers Training_Camp Washago_Ont Newcomer_Ugly_Betty Deir_el_Balah_refugee
onto,17,into off on out underneath back down beneath beside along
broke,80,breaking broken break tore smashed ripped erupted breaks cracked stormed
currently,18,presently Currently Presently curently now currenty currrently still already currenly
stayed,82,remained stay staying kept went stays remain came sat moved
ive,500,i_havent i Ive havent ve lol i_cant thats havnt i_dont
mark,47,marks marking record marked eclipsing emerald_hued_holiday countryman_Haile_Gebrselassie milestone plateau ##-#.#_#.##m
reality,143,Reality realities Emblematic_examples Jaap_Amesz_Dutch Germany_Dieter_Wiefelspuetz raj_.........._i saucier_Miracle_Jones Pennsylvania_prophetic_rodent Wife_Swap_Larimer Octo_mum
explain,166,understand explaining clarify elucidate comprehend fathom describe explanation decipher illustrate
hi,500,hello hi_hi Hi Rahul_Goel_answers aw ya aww jaldi luv deepak
national,28,regional international natonal nation Maiolo_Swiss_Italian nationwide country local na_tional nat'l
lucky,84,fortunate unlucky luckiest luckier Still_LaCock_considered socks_Reiff Voisins_sans happy loser_Rajeev_Ram loser_Simon_Greul
ideas,99,Ideas idea concepts suggestions philosophies brainstorms proposals visions theories perspectives
issues,110,issue matters topics problems Issues isues isssues concerns dilemmas challenges
suck,500,sucking sucks sucked Sucking suckin rip spew gobble piss bleed
mouth,113,mouths lips gob mouth_ventilations nostrils piehole Mouth throat nose nostril
grade,257,grades eighth_grade graders eighth_graders grader twelfth_grade 8th_graders Grade sixth_graders eigth_graders
begin,58,begins commence start commences began begun resume beginning recommence started
lets,184,allows enables helps empowers gives letting encourages let Allows enabling
pool,132,pools swimming_pool Pool inflatable_kiddie kiddy_pool wading_pool swimming_pools generates_mappings hosting_THQ_Homefront kiddie_pool
york,500,nyc brooklyn london los_angeles denver washington philadelphia baltimore delhi boston
lead,60,advantage trailed cushion led midway_through thelead leads commanding lead.The Lead
classes,500,Classes electives courses noncredit_classes noncredit_courses classses elective_courses ESL_classes intersession_classes class
husband,500,wife mother father daughter fiancé fiance son boyfriend hus_band stepfather
likely,81,unlikely expected likley may inclined probably might likeliest could likelyto
alright,500,okay ok allright OK yeah say_Hey_feller gooooood Ehh shutup COACH_HERMAN_EDWARDS
social,160,Social societal Carmeta_Albarus_Lindo socio media_optimization_SMO cultural fetid_stench_overwhelms social_networking owns_http://www.mywallst.net_financial socio_economic
program,181,programs progam Program program.The initiative TRIO_Upward_Bound progams progamme Acceleration_Program Programs
main,13,biggest key major sole primary themain twofold predominant central ostensible
process,40,processes pro_cess multistep_process processs proc_ess process.The procedure Process laborious multistep_permitting
plans,39,plan planned intends Plans plansto planning proposal proposals proposed wants
